product,rank,fv_id,score,ic_abs,half_life,mean_abs_res,res_to_spread
GALAXY_SOUNDS_BLACK_HOLES,1,kalman_mle,3.1795243420922716,0.014645393647170189,0.15812745736929096,9.457526156724398,0.6305558407506198
GALAXY_SOUNDS_BLACK_HOLES,2,ar5_dx,3.177949625220676,0.014643862912428833,0.16636019438286107,9.465449973284063,0.631060616617402
GALAXY_SOUNDS_BLACK_HOLES,3,ar1_dx,3.127447119837063,0.0144728636168864,0.16664036798797613,9.461844008351232,0.6308261684054388
GALAXY_SOUNDS_BLACK_HOLES,4,ar3_dx,3.1261432544900845,0.014468544687232061,0.1666714181928047,9.463982681238917,0.6309665053304016
GALAXY_SOUNDS_BLACK_HOLES,5,ar2_dx,3.1027329462791955,0.014389222074579204,0.16666166907832905,9.462462983253587,0.630862771609935
GALAXY_SOUNDS_BLACK_HOLES,6,linreg_500,1.481183883631308,0.013731933617494231,89.82283432723878,77.50046697550769,5.199872394482686
GALAXY_SOUNDS_BLACK_HOLES,7,microprice_ewma25,1.3934904024488795,0.011444840361898818,26.379123100956676,42.13001312109998,2.8165655632787714
GALAXY_SOUNDS_BLACK_HOLES,8,ewma_25,1.3846661265868798,0.011414820633103067,26.37458737566327,42.12875923868415,2.8164591241263706
GALAXY_SOUNDS_DARK_MATTER,1,ar2_dx,3.3136307129198825,0.019075682728159498,0.13415903452300953,8.259172246856005,0.6353209420658466
GALAXY_SOUNDS_DARK_MATTER,2,ar1_dx,3.3131363584502136,0.019075466007046654,0.13809962725393762,8.25690369855402,0.6351464383503092
GALAXY_SOUNDS_DARK_MATTER,3,ar5_dx,3.306254689987627,0.019031587054560664,0.13300332072910215,8.260314373832092,0.635408797987084
GALAXY_SOUNDS_DARK_MATTER,4,ar3_dx,3.3016659060755145,0.019006331574135726,0.13547907054253042,8.259115257532585,0.6353165582717373
GALAXY_SOUNDS_DARK_MATTER,5,linreg_200,2.0037378080362385,0.01810073313646826,43.75532310264562,47.22241726392551,3.6324936356865773
GALAXY_SOUNDS_DARK_MATTER,6,median_100,1.2780132725469344,0.014492256236766421,55.628674728896925,52.132586264876494,4.010198943452037
GALAXY_SOUNDS_DARK_MATTER,7,mean_100,1.0626394489931736,0.013073674760571474,51.55324156890875,51.16815754735473,3.9360121190272874
GALAXY_SOUNDS_DARK_MATTER,8,holt,0.996140633112552,0.009388922367240479,14.19278206558392,27.081989283053872,2.0832299448502978
GALAXY_SOUNDS_PLANETARY_RINGS,1,quad_500,2.55377899360568,0.01902598530678408,61.00290538430139,58.85615874096173,4.076198020320611
GALAXY_SOUNDS_PLANETARY_RINGS,2,mean_100,2.0804890786670325,0.015970556701991472,47.19687389540222,52.97187307300731,3.6627950147386175
GALAXY_SOUNDS_PLANETARY_RINGS,3,median_100,1.9539929006542158,0.015422687848044708,51.09447192358931,54.112658652115215,3.741255915627277
GALAXY_SOUNDS_PLANETARY_RINGS,4,ewma_50,1.7371968358584078,0.0142686145707169,49.644023035577696,54.45480491296249,3.7670571705123117
GALAXY_SOUNDS_PLANETARY_RINGS,5,microprice_ewma25,1.6157875706814262,0.01224453773662227,25.552055199919508,39.158838229831176,2.7060557809492707
GALAXY_SOUNDS_PLANETARY_RINGS,6,ewma_25,1.6152171620256295,0.01224170509360925,25.55145742151152,39.16260570141665,2.7063215848250115
GALAXY_SOUNDS_PLANETARY_RINGS,7,median_200,1.5916326050630967,0.015097034444125808,95.59253446706471,73.6712348259826,5.0999787970939945
GALAXY_SOUNDS_PLANETARY_RINGS,8,mean_200,1.531493596782907,0.014664741649465747,89.60099599451483,72.57505601762676,5.024212907211435
GALAXY_SOUNDS_SOLAR_FLAMES,1,median_100,2.4798961823566117,0.01619298666326078,46.2985057553727,50.6039452870287,3.61456752050205
GALAXY_SOUNDS_SOLAR_FLAMES,2,mean_100,2.233198081383635,0.015314521119453094,43.382731507841676,50.01506371424643,3.572504551017602
GALAXY_SOUNDS_SOLAR_FLAMES,3,microprice_ewma25,2.2242406832875408,0.014423342491077162,23.733840623791657,37.25092027406133,2.6607800195758093
GALAXY_SOUNDS_SOLAR_FLAMES,4,ewma_25,2.223378999908899,0.014420408226960712,23.730023332410187,37.25109743470871,2.6607926739077654
GALAXY_SOUNDS_SOLAR_FLAMES,5,ewma_50,2.0931404367581656,0.014952399021294704,46.491790503871364,51.58649832640907,3.6847498804577907
GALAXY_SOUNDS_SOLAR_FLAMES,6,mean_50,1.8678860005733833,0.013148770068408465,21.9983333937623,36.07142763341334,2.57653054524381
GALAXY_SOUNDS_SOLAR_FLAMES,7,microprice_ewma100,1.8510960927655493,0.01535271420539839,89.46369244102812,71.31371205864211,5.093836575617294
GALAXY_SOUNDS_SOLAR_FLAMES,8,ewma_100,1.850789173306726,0.015351659184622175,89.45959765875857,71.31345351660946,5.0938181083292475
GALAXY_SOUNDS_SOLAR_WINDS,1,quad_500,2.401329178513515,0.014274015832325706,64.30452520850834,58.822674267346834,4.376907493908912
GALAXY_SOUNDS_SOLAR_WINDS,2,kalman_mle,1.2790276399899634,0.0046800777790150785,0.15672911956078722,8.52035937191086,0.6313389646735004
GALAXY_SOUNDS_SOLAR_WINDS,3,median_500,1.2689131486724863,0.013716336866204657,265.9596245488516,111.74837321232123,8.243104954726242
GALAXY_SOUNDS_SOLAR_WINDS,4,ar1_dx,1.266972970649019,0.004627334520731009,0.14368494185442307,8.522220317642335,0.6314765738782038
GALAXY_SOUNDS_SOLAR_WINDS,5,mid_anchor,1.2648034862169184,0.00458064972083674,0.08246335547234987,8.518888101310132,0.6312275841595149
GALAXY_SOUNDS_SOLAR_WINDS,6,microprice_raw,1.2336492122520912,0.00448457386953203,0.11535897702797501,8.501097310861532,0.6299249447108656
GALAXY_SOUNDS_SOLAR_WINDS,7,ar2_dx,1.2266500575445596,0.004476066343779704,0.1419518441123542,8.522945576994168,0.6315325736978292
GALAXY_SOUNDS_SOLAR_WINDS,8,markov_50,1.2220430476832123,0.004442497295926245,0.11378763607655581,8.54327316530538,0.6330343426290055
MICROCHIP_CIRCLE,1,markov_50,1.842304203807716,0.006997565139037201,0.10976688170023793,7.3619746349179,0.8670707434077276
MICROCHIP_CIRCLE,2,markov_20,1.8414262855061545,0.0070001051497032025,0.11579112529024718,7.356733617410857,0.866455956550361
MICROCHIP_CIRCLE,3,markov_10,1.7400373182948194,0.006584133842166698,0.11154953427423672,7.352962795414594,0.8660047646323559
MICROCHIP_CIRCLE,4,lattice_2,1.7015833178243325,0.006426940244336282,0.11002101089701759,7.360108153315331,0.8667977809239258
MICROCHIP_CIRCLE,5,ofi_lag1,1.6580980117227133,0.006241190021391575,0.10205975845896803,7.345567640347861,0.8651354014230613
MICROCHIP_CIRCLE,6,mid_anchor,1.6551153920487764,0.006229342579816967,0.10230141872206776,7.34540703070307,0.8651160589670078
MICROCHIP_CIRCLE,7,lattice_1,1.6269720019957816,0.006115895163934468,0.10269007737809208,7.350307443244325,0.8656713131382583
MICROCHIP_CIRCLE,8,kalman_mle,1.5713168026888593,0.00593993753734527,0.15015601214569094,7.347517555295602,0.8653634184920642
MICROCHIP_OVAL,1,ar1_dx,2.469647387462727,0.009991329173915639,0.14670587184558542,8.839586799932508,1.2594599867056722
MICROCHIP_OVAL,2,ar3_dx,2.4551417135345903,0.009942268810248922,0.15010333404258366,8.841909620864293,1.2598306049296557
MICROCHIP_OVAL,3,ar2_dx,2.454562177850739,0.009939052907664859,0.1474805462955198,8.840368097160733,1.259563983325645
MICROCHIP_OVAL,4,ar5_dx,2.4316405395771135,0.009861583890748666,0.15309510084551955,8.842700400052728,1.2599598366063018
MICROCHIP_OVAL,5,median_2000,0.9346056287282476,0.015883447221858932,528.2246907562762,242.1230219759476,34.79536772515793
MICROCHIP_OVAL,6,median_100,0.5344233213841669,0.006687090207491914,49.83036042318402,54.25689079532953,7.684526070054922
MICROCHIP_OVAL,7,mean_100,0.46392255337958044,0.006382026059729359,46.43162410433416,53.53027068936893,7.583029406561488
MICROCHIP_OVAL,8,quad_500,0.45926377646493793,0.0065897299817975225,55.48838086850275,57.369700999457635,8.14462613059655
MICROCHIP_RECTANGLE,1,markov_20,1.913705054553256,0.00688155250478459,0.08760811712394917,9.957895280631408,1.244736910078926
MICROCHIP_RECTANGLE,2,markov_50,1.8648953726749262,0.006762367970907394,0.0972812525163191,9.971079479925814,1.2463849349907268
MICROCHIP_RECTANGLE,3,kalman_mle,1.8356163997281074,0.006687754559700645,0.09681481419997885,9.951916269051473,1.2439895336314342
MICROCHIP_RECTANGLE,4,ar3_dx,1.820207284852028,0.006657283890852354,0.12018811205109467,9.954616684483447,1.244327085560431
MICROCHIP_RECTANGLE,5,ar1_dx,1.810815542782555,0.006634231381449816,0.12216608177514292,9.952644044861529,1.2440805056076911
MICROCHIP_RECTANGLE,6,ar2_dx,1.8026035056979222,0.0066140328959852016,0.12347131508388108,9.954318546356372,1.2442898182945465
MICROCHIP_RECTANGLE,7,ar5_dx,1.7588351687259471,0.00650273908770641,0.12075808191032479,9.955418967318739,1.2444273709148423
MICROCHIP_RECTANGLE,8,quad_500,1.3777710459165478,0.008788534901227088,54.811942885292865,63.68821807556297,7.9610272594453715
MICROCHIP_SQUARE,1,ar5_dx,3.246303265689798,0.020154049465208938,0.12089914233863915,17.783569381600262,1.3679668755077126
MICROCHIP_SQUARE,2,ar3_dx,3.219385541576073,0.020021253286782188,0.14505114576166256,17.775500984209685,1.3673462295545908
MICROCHIP_SQUARE,3,ar2_dx,3.2004562178904674,0.019915809987149737,0.14489045584362473,17.774946821419036,1.367303601647618
MICROCHIP_SQUARE,4,ar1_dx,3.1928308039548625,0.019872125768859262,0.14318702239988754,17.77332052763525,1.3671785021257883
MICROCHIP_SQUARE,5,kalman_mle,3.168759576886177,0.019745729667662054,0.154142501587092,17.767841454698974,1.3667570349768443
MICROCHIP_SQUARE,6,ewma_10,1.220807869474494,0.011785464051786454,9.567344031296704,48.6019815751777,3.7386139673213616
MICROCHIP_SQUARE,7,holt,1.0686066538690855,0.011402345802679702,12.893926117112247,55.481263986007946,4.267789537385227
MICROCHIP_SQUARE,8,ewma_25,0.9321282596307073,0.01185992937313322,24.037170961035986,76.5083534292126,5.885257956093277
MICROCHIP_TRIANGLE,1,ar3_dx,1.4288441549591084,0.00597018192783745,0.10016970616045903,11.179601670915767,1.3132722906588208
MICROCHIP_TRIANGLE,2,ar1_dx,1.4267000533349514,0.005960623392732436,0.10333714088563166,11.173430221352858,1.3125640824184854
MICROCHIP_TRIANGLE,3,ar2_dx,1.4038276982485884,0.005836976947792704,0.09902449632813122,11.178543070550884,1.3131513724230057
MICROCHIP_TRIANGLE,4,ar5_dx,1.4001123232844346,0.005822140575716208,0.10615192291208583,11.178146652108833,1.313091748355872
MICROCHIP_TRIANGLE,5,mean_2000,1.208816595666889,0.022974962920775235,555.1938046862608,230.83439542813156,26.973641593620613
MICROCHIP_TRIANGLE,6,microprice_ewma100,0.8890020169840986,0.011827871776440405,101.24976411147397,97.73678998061996,11.413322991604943
MICROCHIP_TRIANGLE,7,ewma_100,0.8883372694473058,0.011824342199617682,101.24822900851618,97.73669117855833,11.413320721255996
MICROCHIP_TRIANGLE,8,ewma_200,0.7746843567861659,0.013788821978111227,179.41156945244117,132.90237950024093,15.481469928284602
OXYGEN_SHAKE_CHOCOLATE,1,ewma_10,3.009523100985265,0.015574806647410391,8.128176709931324,21.183556573137658,1.694534922945845
OXYGEN_SHAKE_CHOCOLATE,2,microprice_ewma25,2.2155569165359106,0.0142883873718557,19.46609583914407,32.25903015849403,2.5808086804924986
OXYGEN_SHAKE_CHOCOLATE,3,ewma_25,2.2134156160324894,0.014282883355148237,19.464638409907597,32.25917944968698,2.5808173074953533
OXYGEN_SHAKE_CHOCOLATE,4,linreg_500,2.110601375900554,0.015466360668193239,63.314865343088016,57.555446799388676,4.605743788065096
OXYGEN_SHAKE_CHOCOLATE,5,ewma_50,2.1074019722822976,0.014723565145637845,36.66256183331463,44.30747634644438,3.5436927684787802
OXYGEN_SHAKE_CHOCOLATE,6,median_50,1.9678951554189097,0.013634062112064981,19.70315551462138,31.643832952045205,2.5323096661829645
OXYGEN_SHAKE_CHOCOLATE,7,microprice_ewma100,1.9284668795097308,0.015159493846009706,68.17864349725211,60.905090014898114,4.8678080814924165
OXYGEN_SHAKE_CHOCOLATE,8,ewma_100,1.9278846205741478,0.01515795830641091,68.17607339635917,60.904324213087996,4.867746491394003
OXYGEN_SHAKE_EVENING_BREATH,1,ar1_dx,3.452174935252106,0.08994956608639573,0.12543122263888912,7.686320935086862,0.6405267445905719
OXYGEN_SHAKE_EVENING_BREATH,2,ar3_dx,3.4339620062538874,0.08934571345474182,0.12827398007434332,7.7065567983002845,0.6422130665250236
OXYGEN_SHAKE_EVENING_BREATH,3,ar5_dx,3.4230120138943385,0.08899203974182407,0.13232939834020457,7.717133255020931,0.6430944379184109
OXYGEN_SHAKE_EVENING_BREATH,4,ar2_dx,3.4223851024537137,0.08893321179541222,0.12651587550322663,7.697872326991474,0.6414893605826228
OXYGEN_SHAKE_EVENING_BREATH,5,kalman_mle,3.397465286926444,0.08876011231155542,0.2683088467248014,7.85793448983485,0.6548278741529041
OXYGEN_SHAKE_EVENING_BREATH,6,ewma_10,1.4398472553661996,0.03847442203429126,7.960199390440171,20.430518980829802,1.7025432484024836
OXYGEN_SHAKE_EVENING_BREATH,7,holt,1.2273952087263433,0.034177285002686214,10.58750433385227,23.35875751667296,1.9465631263894132
OXYGEN_SHAKE_EVENING_BREATH,8,median_50,0.8777223870522793,0.028984007372255063,18.93743932952419,30.323054755475546,2.526921229622962
OXYGEN_SHAKE_GARLIC,1,ar2_dx,2.679200000342779,0.010939698313111682,0.12389984767008058,9.922728753134958,0.6210125743709495
OXYGEN_SHAKE_GARLIC,2,ar5_dx,2.6593114267741162,0.010871378139930277,0.12659156696423776,9.922747520826496,0.6210110219290006
OXYGEN_SHAKE_GARLIC,3,ar3_dx,2.6538578067185252,0.010851112291601309,0.1242842785597292,9.92163075660697,0.6209396230798419
OXYGEN_SHAKE_GARLIC,4,kalman_mle,2.6407789673706463,0.010806297128935414,0.1266082970086491,9.918256422821193,0.6207233215909177
OXYGEN_SHAKE_GARLIC,5,ar1_dx,2.631556566772754,0.010771819195812717,0.12191317932701166,9.920238743603587,0.6208513313102644
OXYGEN_SHAKE_GARLIC,6,microprice_raw,2.6147554063787157,0.010702881522257499,0.10305606829173414,9.901466028113177,0.6196871412470025
OXYGEN_SHAKE_GARLIC,7,lattice_5,2.397871736121911,0.009946219181351603,0.10195883164589072,9.971619331933194,0.6240427057999918
OXYGEN_SHAKE_GARLIC,8,quad_500,1.4468327554893734,0.011481753418458994,65.27815417969907,68.05501637994094,4.233425408108757
OXYGEN_SHAKE_MINT,1,rangemid_500,1.78134405328523,0.022553725135130414,261.3889517755957,115.76590878087809,9.339126372765481
OXYGEN_SHAKE_MINT,2,mean_500,1.53965661326066,0.021116028683457064,273.9888226527157,113.67546754887488,9.173968585483163
OXYGEN_SHAKE_MINT,3,ewma_200,1.5058358882760985,0.02061197746439264,253.7359578446795,109.57392751325533,8.86104340624336
OXYGEN_SHAKE_MINT,4,median_500,1.4803426077275559,0.020815954642650812,289.73171166801114,113.44396792179217,9.15709508322627
OXYGEN_SHAKE_MINT,5,microprice_ewma100,1.4551751312836798,0.017299652575122455,114.18371420892747,73.60204190756778,5.925088451693192
OXYGEN_SHAKE_MINT,6,ewma_100,1.45441073201763,0.017295494594643895,114.18333733707462,73.60315221819688,5.925171864362476
OXYGEN_SHAKE_MINT,7,median_1000,0.9523105779476753,0.022861603952757045,727.3385235627904,176.26761473147315,14.3075877660843
OXYGEN_SHAKE_MINT,8,linreg_2000,0.9522816214340529,0.020222888944298707,485.9013110959537,141.83688131073612,11.492721738263842
OXYGEN_SHAKE_MORNING_BREATH,1,ewma_10,4.050373608619658,0.017892909586315727,8.96011002451742,20.634661913001395,1.6509600023364546
OXYGEN_SHAKE_MORNING_BREATH,2,holt,3.201496410692921,0.016436844292021226,12.005703101421016,23.661750004134717,1.8935806633736063
OXYGEN_SHAKE_MORNING_BREATH,3,rangemid_500,2.268207565125132,0.017158550450774312,182.12275672793385,96.87774608460846,7.7082935839737825
OXYGEN_SHAKE_MORNING_BREATH,4,mean_50,2.0618330791344595,0.014585418908861041,20.34564787047639,30.504634871337128,2.4400918706883505
OXYGEN_SHAKE_MORNING_BREATH,5,quad_2000,1.8463847776980449,0.016146289997402384,176.31696452578836,88.43598511167701,7.03634413020397
OXYGEN_SHAKE_MORNING_BREATH,6,ewma_25,1.7200845788138897,0.013981968760866024,21.684338949846765,31.529913030139276,2.520036589145392
OXYGEN_SHAKE_MORNING_BREATH,7,microprice_ewma25,1.7096692472961814,0.013962345740907956,21.686069424477843,31.528929848783008,2.519958069038987
OXYGEN_SHAKE_MORNING_BREATH,8,quad_500,1.4493428765372462,0.014057353294236102,49.76989578310291,46.84069000865614,3.746428418259978
PANEL_1X2,1,quad_500,4.032636619962558,0.015794280573757462,49.31829020253837,42.45283936683282,3.6882682466942334
PANEL_1X2,2,linreg_200,2.325712111774382,0.00938631400043176,34.429859418630556,35.65098873403785,3.0944084194289196
PANEL_1X2,3,holt,2.31977022340014,0.008210662984773109,13.040490264944399,22.229790582970182,1.9311052781040088
PANEL_1X2,4,median_50,2.2938837929190345,0.00876238227183057,23.507895903844435,29.241782468246825,2.5413008117478415
PANEL_1X2,5,mean_50,2.170453540608895,0.008289453557426375,22.218042867522705,28.83204951210121,2.5057157055538886
PANEL_1X2,6,microprice_ewma25,1.9655433913145046,0.007659164600518709,23.63353731556932,29.715107180799112,2.582481493230338
PANEL_1X2,7,ewma_25,1.963628718746798,0.007652507446601312,23.630638956774963,29.714909165224654,2.5824704108743965
PANEL_1X2,8,ewma_10,1.85073888634167,0.0063208032320845615,9.790872104358161,19.43898052564232,1.6891541275214064
PANEL_1X4,1,lattice_2,2.3328679544899726,0.009162779346512157,0.14037648877065556,7.253614873987399,0.8531619286928693
PANEL_1X4,2,markov_20,2.2478907865528197,0.008945346412221089,0.14593346442929758,7.249520693089394,0.8526361127552962
PANEL_1X4,3,ofi_lag1,2.2305466016389124,0.008898766008687716,0.14519771162978146,7.231131395253,0.8505243092613654
PANEL_1X4,4,microprice_raw,2.17706422673305,0.00875864100376748,0.1440846453217807,7.253990463425818,0.8533187543655302
PANEL_1X4,5,mid_anchor,2.1410672092278826,0.008664257692879901,0.14462603390757267,7.23193893889389,0.8506236173617362
PANEL_1X4,6,lattice_1,2.115956221691267,0.008597750986754641,0.14353042126711238,7.237013808880889,0.8511694344434444
PANEL_1X4,7,markov_50,2.0902190045263023,0.008533561079053927,0.14609174491193386,7.264260736067944,0.8543258674234491
PANEL_1X4,8,ar3_dx,2.089689919449696,0.008552664256082365,0.17027396704021366,7.237477298308427,0.8512956856367814
PANEL_2X2,1,ar1_dx,3.0989236917974408,0.011184772840281666,0.1458773699169436,7.550193284637711,0.8877551732302686
PANEL_2X2,2,markov_20,3.0800563690469276,0.011089166908436936,0.11759634721544557,7.554793961404742,0.8882725426781316
PANEL_2X2,3,ar2_dx,3.078615008909211,0.011115016593310422,0.14399253551545266,7.5506909703379925,0.8878155736801788
PANEL_2X2,4,ar3_dx,3.0783325716861722,0.011114874124005424,0.14468346350321976,7.55070263210221,0.8878166688861495
PANEL_2X2,5,ofi_lag1,3.0625382900783906,0.011020204823158993,0.108902565066263,7.54751199904052,0.8874213562869633
PANEL_2X2,6,markov_10,3.059803852556519,0.011018609194762724,0.11512005656540149,7.550207526058642,0.8877373066805936
PANEL_2X2,7,markov_50,3.054231466047085,0.01101036843607342,0.12342764818561909,7.561537347668302,0.8890345535425336
PANEL_2X2,8,ar5_dx,3.0405363755840717,0.010993847077029821,0.1487148232567293,7.554159463386038,0.8882022786831091
PANEL_2X4,1,lattice_2,2.3470385165020256,0.009248680958660053,0.15427076989498528,9.28705402790279,0.8851574116275265
PANEL_2X4,2,markov_50,2.258974740504171,0.008982722884419387,0.1513637694178713,9.29109001954362,0.8855416614214352
PANEL_2X4,3,lattice_1,2.1508831251259624,0.008660850755173019,0.15266686450217964,9.27750396289629,0.8842083148087536
PANEL_2X4,4,ar1_dx,2.14867265116417,0.008645343490519269,0.14477185728834252,9.274503202923132,0.8839578115857435
PANEL_2X4,5,microprice_raw,2.139969323804418,0.00863014478662668,0.15479403391871638,9.266244243457185,0.8831667526661745
PANEL_2X4,6,markov_20,2.1038288516535797,0.008516853707984655,0.14933193651526183,9.28128416454732,0.8846139114933672
PANEL_2X4,7,markov_10,2.0879686586639155,0.008469143164055132,0.14915682179464115,9.277562581073775,0.8842555875783666
PANEL_2X4,8,ar2_dx,2.0832883856774242,0.008449545477184659,0.14416460399003592,9.27640659315141,0.8841355874639278
PANEL_4X4,1,ar5_dx,2.843241932345129,0.010433750089012239,0.13351502825662404,7.8936857008626085,0.8770761889847343
PANEL_4X4,2,ar1_dx,2.7978582101441445,0.010314734908578859,0.13625911137097382,7.8902410164881545,0.8766934462764615
PANEL_4X4,3,ar3_dx,2.7964520093102463,0.010311140092676141,0.13637851664092623,7.892765903848858,0.8769739893165398
PANEL_4X4,4,ar2_dx,2.7727182626333726,0.01024792488184795,0.13498150957661068,7.890394426002242,0.8767104917780268
PANEL_4X4,5,kalman_mle,2.767287055718252,0.01023594951944496,0.14206160980113178,7.889692722830678,0.8766325247589642
PANEL_4X4,6,quad_2000,2.1214445054968847,0.013009059986941698,175.70344875679518,90.2462417514428,10.027360194604753
PANEL_4X4,7,median_50,1.9084795168576336,0.009887468625574478,22.900867968733053,32.23408815506551,3.581565350562834
PANEL_4X4,8,mean_50,1.8689187192807817,0.009749999544496716,21.67425458850957,31.820168637363736,3.535574293040415
PEBBLES_L,1,median_100,1.6547774463829155,0.01698925111689135,43.77285216933845,66.32045950720072,4.924540445569281
PEBBLES_L,2,markov_20,1.4955005003914126,0.008982424275183417,0.1376655681660364,12.001268478536044,0.890435460193127
PEBBLES_L,3,markov_10,1.4146191568636852,0.008696867926378454,0.13497289383868394,11.993394324315535,0.8898405795975552
PEBBLES_L,4,markov_50,1.349237910625562,0.008469703754955205,0.13502703589168916,12.007103135290684,0.8908650957696198
PEBBLES_L,5,ofi_lag1,1.3232312524047634,0.008378835672751724,0.1353820409635309,11.986531862168475,0.8893137630109174
PEBBLES_L,6,kalman_mle,1.3228878639331967,0.008378371428209751,0.13598999559206565,11.984521070333837,0.8891701869940971
PEBBLES_L,7,microprice_raw,1.319159609359167,0.008369498991562169,0.139198234544141,11.981479698332096,0.888946712462872
PEBBLES_L,8,ar3_dx,1.319097545180798,0.00834898777201522,0.123609249012294,11.990642672274967,0.8896313111479524
PEBBLES_M,1,quad_2000,1.7501295244610646,0.017688958405228397,162.78555650079943,131.18407445159568,9.685398028023531
PEBBLES_M,2,rangemid_200,1.7176361397581537,0.01480371967161125,69.94151807526544,91.74803691619162,6.804139312695006
PEBBLES_M,3,ewma_100,1.6834946235857848,0.014887852240559694,80.50251383415943,94.62729497779789,7.0172689993365704
PEBBLES_M,4,microprice_ewma100,1.68337875275815,0.014887347945302797,80.50334183376059,94.62868348227889,7.017375787062607
PEBBLES_M,5,mean_200,1.5045010419931357,0.01388389323386088,79.38424218512532,93.10834684447195,6.9038374236436
PEBBLES_M,6,rangemid_500,1.3869733755145597,0.01640417194513205,157.01360909740671,141.4648269289429,10.493754327342074
PEBBLES_M,7,mean_500,1.3616564815279295,0.016307157739340092,170.7937245591624,140.99220569458447,10.452881504832956
PEBBLES_M,8,ewma_50,1.320363609863098,0.011222039047890604,43.995869023249114,69.14655561706088,5.127017818230092
PEBBLES_S,1,ewma_25,1.7533386076008617,0.01748255039120739,25.38012335377669,52.677973462691284,4.602965798154969
PEBBLES_S,2,microprice_ewma25,1.7527143327288108,0.017479984451344726,25.381081563871877,52.67784828717282,4.602954954403053
PEBBLES_S,3,ewma_10,1.5655491900568932,0.01420771433277839,10.28438623246636,34.085899943905105,2.973469285508217
PEBBLES_S,4,ewma_50,1.4171257976634304,0.018246497095110364,49.05699582256342,72.57283414532392,6.350607984932388
PEBBLES_S,5,ar3_dx,1.1579967364068549,0.007255860750895335,0.156139861790104,12.014409076128498,1.0463573160335122
PEBBLES_S,6,mean_50,1.1541281955112712,0.014780173349398573,23.812713707522203,51.31722107255725,4.479660283111265
PEBBLES_S,7,ar5_dx,1.128423283593658,0.007135585938250323,0.15867067364277956,12.016983994315915,1.0465950150250247
PEBBLES_S,8,kalman_mle,1.1275364183425323,0.0071300682233281475,0.15775305474665138,12.01022210665581,1.0459815516076354
PEBBLES_XL,1,markov_50,1.6512107785601544,0.011867530338724855,0.16166053572765698,24.26936179290785,1.3880417949830774
PEBBLES_XL,2,markov_20,1.5687245270121162,0.011365632846163626,0.15917653617483973,24.23783901360374,1.386232807427921
PEBBLES_XL,3,ar1_dx,1.5648800712086912,0.01127516226006619,0.13085991632799202,24.239070735322443,1.3863069745698682
PEBBLES_XL,4,ar2_dx,1.5590097921202863,0.01123754152934101,0.12987334085687396,24.238594440435335,1.3862779681519861
PEBBLES_XL,5,ar5_dx,1.5562897806990985,0.011221631464198344,0.129995310062953,24.24173394389669,1.3864626192623868
PEBBLES_XL,6,ar3_dx,1.555951096504725,0.01122414401473307,0.13190251294684724,24.240280526288515,1.3863756742110698
PEBBLES_XL,7,ofi_lag1,1.5488874169002274,0.011232119666800568,0.15309286443373626,24.233680002641748,1.3860135029986629
PEBBLES_XL,8,kalman_mle,1.5411314115890038,0.01118660478275315,0.1535457794401492,24.232334017255585,1.3859350606845608
PEBBLES_XS,1,ar5_dx,3.4676696862551735,0.02089042726587536,0.09567839360154085,11.983807724988967,1.4145236548507598
PEBBLES_XS,2,quad_500,1.4368015756849086,0.016785208031492287,47.70931241228834,71.27664088121855,8.391775177677921
PEBBLES_XS,3,ewma_25,0.8450943088784046,0.012738591072474499,22.448588647605284,49.436753933660995,5.818380126965046
PEBBLES_XS,4,microprice_ewma25,0.8386732285099051,0.012710125694025555,22.450284372334092,49.43721629049294,5.818467812316299
PEBBLES_XS,5,ofi_lag1,0.7925354496366106,0.02131419681113212,inf,12.025595790218846,1.4191617926016624
PEBBLES_XS,6,markov_20,0.7781131972528053,0.021248513902833513,inf,11.988260079327828,1.4150254076695852
PEBBLES_XS,7,lattice_1,0.7621469806936108,0.021177426184666788,inf,11.985447607260728,1.4147174092409243
PEBBLES_XS,8,markov_50,0.7602433803938639,0.021170177654636545,inf,12.013358446314438,1.417902225914783
ROBOT_DISHES,1,ewma_10,2.422514890509221,0.07667533563851753,6.276423356751397,24.926205372084752,3.3150073761286727
ROBOT_DISHES,2,holt,2.278839489566803,0.0751410720532805,8.347108348451176,28.84676590698347,3.838530698222785
ROBOT_DISHES,3,median_50,2.109463142925799,0.07516093368496216,15.738397473389618,34.751407789528955,4.652827982619691
ROBOT_DISHES,4,mean_50,1.788479534749915,0.06568145937506903,14.270948955628896,36.22561004750476,4.831150095223809
ROBOT_DISHES,5,ewma_25,1.5276986149577105,0.058924864933133266,15.415209647007678,38.138427097169426,5.079841194630738
ROBOT_DISHES,6,microprice_ewma25,1.5268510241298712,0.05889739093526002,15.41105057532917,38.137082265229296,5.079627650558047
ROBOT_DISHES,7,linreg_200,1.2572820466791659,0.055479672170964604,22.282897873062403,45.28484663287007,6.043717823769564
ROBOT_DISHES,8,median_100,1.2206177260909188,0.058241019994613966,31.345297760512594,50.69089682218222,6.777838442058492
ROBOT_IRONING,1,ar1_dx,3.334200353907402,0.10018782245008861,0.13995327371191546,6.872062758811636,1.1453437931352726
ROBOT_IRONING,2,ar2_dx,3.330837629634536,0.10008099133647193,0.14068356924096362,6.89349239711366,1.1489153995189434
ROBOT_IRONING,3,ar3_dx,3.3283160585491047,0.09998392700498548,0.13855055884948603,6.901914431436937,1.1503190719061562
ROBOT_IRONING,4,ar5_dx,3.321393568510512,0.09972963622241068,0.13693600554929308,6.91265375958739,1.1521089599312315
ROBOT_IRONING,5,kalman_mle,3.2681679939221624,0.0982290635943929,0.22477249430906296,7.004127480609885,1.1673545801016476
ROBOT_IRONING,6,ewma_10,1.4601669492612963,0.04912916414537913,7.6501190852528955,18.29015697164352,3.0483594952739197
ROBOT_IRONING,7,holt,1.203647433427281,0.042702867639771776,10.269918020633146,20.907218999344906,3.484536499890817
ROBOT_IRONING,8,median_50,0.8386206655741526,0.03598305528925546,18.195621011122046,27.312440426542654,4.552073404423776
ROBOT_LAUNDRY,1,linreg_200,3.1158074127271758,0.015292565611035813,42.29301059619644,42.605042669771876,6.086434667110268
ROBOT_LAUNDRY,2,holt,2.0850432741927647,0.0110018811486942,14.697085622955626,25.43620472916909,3.6337435327384418
ROBOT_LAUNDRY,3,lattice_5,1.699029650449499,0.006637252047684493,0.1497062616399435,7.730464471447145,1.1043520673495921
ROBOT_LAUNDRY,4,ewma_10,1.5457288585402948,0.00922314709109145,10.666838049382122,21.89031933475703,3.1271884763938615
ROBOT_LAUNDRY,5,quad_500,1.36117224526251,0.012110351291196393,73.57065370497116,56.49657774913311,8.070939678447587
ROBOT_LAUNDRY,6,ofi_lag1,1.3429140545920015,0.005749051302178763,0.14091438552374166,7.633976955901689,1.0905681365573843
ROBOT_LAUNDRY,7,ar3_dx,1.3242639275147616,0.005710503748109682,0.1490857360685024,7.634861724687719,1.0906945320982455
ROBOT_LAUNDRY,8,ar5_dx,1.3143515073522032,0.005686323454427712,0.14919193938639602,7.637676895011978,1.0910966992874256
ROBOT_MOPPING,1,quad_500,4.290142787364034,0.021408795766450738,43.36329969508518,51.549051187626084,6.254717947021272
ROBOT_MOPPING,2,ewma_10,3.293634205626361,0.015760412392425514,8.9995574984377,24.252999111489075,2.9397682750602305
ROBOT_MOPPING,3,holt,3.0948323267501157,0.015298091503043062,11.991498743373327,27.60525322189325,3.3467798426330155
ROBOT_MOPPING,4,microprice_ewma25,2.574968528325584,0.014054039135505136,21.83925282526957,37.11552928635577,4.4997317212561985
ROBOT_MOPPING,5,ewma_25,2.569256560508669,0.014032791791156799,21.83883366707,37.11746388902935,4.499964461899704
ROBOT_MOPPING,6,linreg_200,2.4977116330457387,0.0142563236778459,31.511155689329417,44.36810220646349,5.3836356008768025
ROBOT_MOPPING,7,mean_50,2.2310421215472833,0.01268924466257124,20.55897051599397,35.903013697319736,4.3519063210082045
ROBOT_MOPPING,8,median_50,2.0838375896048005,0.01219460738482168,21.81515976585839,36.486738440094015,4.422905533393413
ROBOT_VACUUMING,1,kalman_mle,1.7708656563390721,0.007847452503849432,0.13537618863306225,7.1350136571275975,1.0192876653039427
ROBOT_VACUUMING,2,ar1_dx,1.7669191188960576,0.00782898917797585,0.13254412288374876,7.135414757450349,1.0193449653500497
ROBOT_VACUUMING,3,ar2_dx,1.7640376241092492,0.00781600369680775,0.13106164820775268,7.137714885655708,1.0196735550936724
ROBOT_VACUUMING,4,ar3_dx,1.7527051663214344,0.007767441658248353,0.13107292770965293,7.138674676775645,1.0198106681108063
ROBOT_VACUUMING,5,ar5_dx,1.7148442878296326,0.007605450193401665,0.13159984022411417,7.1416675000200165,1.0202382142885738
ROBOT_VACUUMING,6,mean_5000,1.3063992407617673,0.025186790406379875,422.79083174177197,186.26365451097257,26.60909350156751
ROBOT_VACUUMING,7,median_200,1.263381475373871,0.01291960739759001,89.61963799380194,58.926231751925194,8.418033107417884
ROBOT_VACUUMING,8,quad_500,1.1463381364056868,0.011013761157547,56.54526351450511,46.096388648740486,6.585198378391499
SLEEP_POD_COTTON,1,ewma_10,3.4772504751422124,0.013174253587478677,9.606917765767204,26.330632858609096,2.503109254239412
SLEEP_POD_COTTON,2,kalman_mle,2.729428141926738,0.010247878434276603,0.12220929238575319,9.607795502365569,0.9149723159767544
SLEEP_POD_COTTON,3,ar3_dx,2.679135324190653,0.010139779641042533,0.15266825220282534,9.617833148786065,0.9159218564735399
SLEEP_POD_COTTON,4,ar2_dx,2.6702654218115316,0.010119350218004055,0.1538356900396844,9.615316287428167,0.9156952694077163
SLEEP_POD_COTTON,5,ar1_dx,2.574616945307314,0.009896416255776667,0.15565112533900663,9.611504233732116,0.9153192790707456
SLEEP_POD_COTTON,6,ar5_dx,2.520980646037998,0.009773142810417131,0.16140282644021034,9.62368178650617,0.9164517936288203
SLEEP_POD_COTTON,7,holt,2.128690331186138,0.010217286694383874,12.957938523815766,30.303043828566867,2.8807204232249664
SLEEP_POD_COTTON,8,mean_50,1.8852829123075652,0.010051436213579727,22.277313233682584,39.486328429842985,3.752911948167544
SLEEP_POD_LAMB_WOOL,1,holt,3.3562677388880213,0.016425471901034182,14.790814461090534,28.929249517761555,3.0496051118591696
SLEEP_POD_LAMB_WOOL,2,lattice_2,2.8407614814980686,0.010054970542430139,0.142912316018727,8.54866102110211,0.9014044354435442
SLEEP_POD_LAMB_WOOL,3,lattice_1,2.788403568090744,0.009880826818196397,0.1413047190498395,8.538510381038105,0.9003477047704771
SLEEP_POD_LAMB_WOOL,4,ewma_10,2.7716665199825754,0.013876398477507393,10.729353789230727,24.667928186867783,2.6011125887951216
SLEEP_POD_LAMB_WOOL,5,kalman_mle,2.76275526843695,0.0098227363092171,0.16333187770258792,8.533492608151251,0.8997999345465646
SLEEP_POD_LAMB_WOOL,6,markov_50,2.7600569882308768,0.009787295634453299,0.14019387119163274,8.552468202438169,0.9018667080010218
SLEEP_POD_LAMB_WOOL,7,ofi_lag1,2.723840920769427,0.009668146671359247,0.14075446383927087,8.532679532900517,0.8997142211449008
SLEEP_POD_LAMB_WOOL,8,markov_10,2.717407189102713,0.00963631821301618,0.13166844911799974,8.537715159566224,0.9002421027868601
SLEEP_POD_NYLON,1,lattice_2,3.2111605180383944,0.015580034655083473,0.17276581594530266,7.686325475047505,0.9051691500052783
SLEEP_POD_NYLON,2,lattice_5,3.147281693572948,0.015295233097797421,0.17472979342472564,7.738278350335033,0.9112639139261148
SLEEP_POD_NYLON,3,microprice_raw,3.1076211568521366,0.015115956136082728,0.1787032935947794,7.6772822626748685,0.9041915528312845
SLEEP_POD_NYLON,4,lattice_1,3.094492685399955,0.015042673167026191,0.17096052708811915,7.674425155015502,0.9037260588906113
SLEEP_POD_NYLON,5,ar5_dx,3.0576687702807677,0.014821681634549493,0.13998565797931703,7.675392836809669,0.9038432311075981
SLEEP_POD_NYLON,6,ar3_dx,3.051984892081646,0.014792772464005784,0.138333237896904,7.674437822834356,0.9037341279556301
SLEEP_POD_NYLON,7,ar2_dx,3.0477634856536917,0.014774016738557137,0.13874406819979732,7.672366378887993,0.9034795294770945
SLEEP_POD_NYLON,8,mid_anchor,3.045859028446403,0.014820512260977333,0.1714058684138389,7.667074744974498,0.9028642077749441
SLEEP_POD_POLYESTER,1,rangemid_500,1.5247943495844951,0.017114097196476115,156.18029853621812,111.3777830320532,10.125253002913928
SLEEP_POD_POLYESTER,2,rangemid_200,1.342924437323894,0.013369661316278512,75.10823801265116,77.4471107710771,7.040646433734283
SLEEP_POD_POLYESTER,3,microprice_ewma100,1.2343387198995008,0.01293493102084683,81.21117573734871,77.82703057543797,7.075184597767088
SLEEP_POD_POLYESTER,4,ewma_100,1.234202401970188,0.012934197323748139,81.2080199271065,77.82615388836504,7.075104898942277
SLEEP_POD_POLYESTER,5,ewma_10,1.1289527007013382,0.007453220396132712,9.5456927105962,26.9948703104047,2.4540791191277
SLEEP_POD_POLYESTER,6,holt,1.098374065317746,0.007788183856315885,12.964063094120014,31.079796648141397,2.8254360589219454
SLEEP_POD_POLYESTER,7,ewma_50,1.0328446530884425,0.010111937680022031,44.29029236469048,57.06651312684618,5.187864829713289
SLEEP_POD_POLYESTER,8,mean_500,0.9949734846534226,0.014716759210540777,173.0781545326012,111.97981195256025,10.179982904778205
SLEEP_POD_SUEDE,1,ewma_10,2.0020888337971137,0.007899581933397397,9.695902566069677,26.171773059772107,2.379252096342919
SLEEP_POD_SUEDE,2,median_50,1.9985626154372613,0.008515706869032089,23.08805220298639,39.24669078407841,3.5678809803707647
SLEEP_POD_SUEDE,3,linreg_500,1.9112571104295157,0.009703493554803174,81.63710301950618,73.53242751896093,6.684766138087356
SLEEP_POD_SUEDE,4,quad_2000,1.8612064975161995,0.011473380671374316,234.32535533287023,127.06792345290395,11.55162940480945
SLEEP_POD_SUEDE,5,ar2_dx,1.8307598881991876,0.006392009725047473,0.13241296521550763,9.520108668036173,0.865464424366925
SLEEP_POD_SUEDE,6,kalman_mle,1.813212195729672,0.006351524791825696,0.1159033237567189,9.518871814501882,0.8653519831365346
SLEEP_POD_SUEDE,7,ar3_dx,1.7876856817843922,0.006302950014458571,0.13017053648270002,9.522296331916996,0.865663302901545
SLEEP_POD_SUEDE,8,ar1_dx,1.7731673573694744,0.006274254782269109,0.13475029544849204,9.520171042976026,0.8654700948160023
SNACKPACK_CHOCOLATE,1,ar1_dx,3.6261045758145256,0.03234155548318692,0.08853737689421062,5.218148808845267,0.31650315536056584
SNACKPACK_CHOCOLATE,2,ewma_10,1.3389390236552934,0.012674902193661302,9.076506297905425,13.972221966035503,0.8468249705957791
SNACKPACK_CHOCOLATE,3,holt,1.2906456083401303,0.013211767509675707,12.12920100329499,16.056933751319185,0.9727979269351482
SNACKPACK_CHOCOLATE,4,median_50,1.2444564768674176,0.015228097498814706,22.187920956353018,21.171304292929293,1.282293374925728
SNACKPACK_CHOCOLATE,5,mean_50,1.1890987720251884,0.014402002764372469,20.80815938242185,20.848720397039703,1.2628437380502755
SNACKPACK_CHOCOLATE,6,quad_500,0.9796503164317489,0.018312104771824142,61.5192682361664,35.225544288982455,2.1284085823831567
SNACKPACK_CHOCOLATE,7,lattice_1,0.8853134333207042,0.032725881143596515,inf,5.226010091009101,0.3169745277468924
SNACKPACK_CHOCOLATE,8,lattice_2,0.8720407327163876,0.032579635617274276,inf,5.238710891089109,0.31775104834012813
SNACKPACK_PISTACHIO,1,ar1_dx,2.6017903126522914,0.01849879969281377,0.1594973330135399,4.1631952670331325,0.2601997041895708
SNACKPACK_PISTACHIO,2,ar2_dx,2.565840074804408,0.018393121029822306,0.15965713325252656,4.164462361982867,0.2602788976239292
SNACKPACK_PISTACHIO,3,ar3_dx,2.5550319395517374,0.018362328577651098,0.1620779489984944,4.165765168132114,0.2603603230082571
SNACKPACK_PISTACHIO,4,ar5_dx,2.5197653779956335,0.01825881117527492,0.16267485277847482,4.166931167530361,0.26043319797064757
SNACKPACK_PISTACHIO,5,kalman_mle,2.515420920492533,0.01824199510830567,0.1529809392760587,4.163074039320479,0.26019212745752995
SNACKPACK_PISTACHIO,6,rangemid_200,1.7402048832411496,0.020690533638744728,62.330645765113225,29.453324214921494,1.8408327634325934
SNACKPACK_PISTACHIO,7,median_100,1.5276983162923123,0.01898341503113422,40.1089276502133,21.96077091959196,1.3725481824744974
SNACKPACK_PISTACHIO,8,ewma_50,1.5079841194301498,0.018940901554476596,38.617446846579384,22.22169062118505,1.3888556638240657
SNACKPACK_RASPBERRY,1,ar3_dx,2.781223774796982,0.019577290440155087,0.1456406006598627,6.457917019617652,0.37987747174221476
SNACKPACK_RASPBERRY,2,ar1_dx,2.7669489933886346,0.01953125794074975,0.14611720572789416,6.453965719184902,0.3796450423049942
SNACKPACK_RASPBERRY,3,ar5_dx,2.7661885980874805,0.019530437275338812,0.14861262788267532,6.461608851674472,0.3800946383337925
SNACKPACK_RASPBERRY,4,ar2_dx,2.7303238535382346,0.019413327170422767,0.14498582787048328,6.456960238574715,0.379821190504395
SNACKPACK_RASPBERRY,5,rangemid_200,1.6986618780379954,0.021235733386604838,62.735135284747784,46.031725887588756,2.7077485816228677
SNACKPACK_RASPBERRY,6,linreg_500,1.6119076065734934,0.020972813136956748,70.34691767624359,45.61565027762444,2.683273545742614
SNACKPACK_RASPBERRY,7,ewma_25,1.3849278726133403,0.01802990092319995,20.989496203207487,25.59425832751912,1.5055446075011247
SNACKPACK_RASPBERRY,8,microprice_ewma25,1.3840210120081988,0.018027140119139168,20.997844889981025,25.594057175395942,1.5055327750232907
SNACKPACK_STRAWBERRY,1,microprice_ewma25,2.614955515455653,0.017617869134401304,20.82158411167206,25.69506553624352,1.3901690282298202
SNACKPACK_STRAWBERRY,2,ewma_25,2.6121964005383025,0.017612021060883637,20.812961372988465,25.69491198486478,1.3901602154024726
SNACKPACK_STRAWBERRY,3,mean_50,2.417911403648515,0.01716728564312773,19.895492553025598,25.128786887188724,1.3595265466941435
SNACKPACK_STRAWBERRY,4,mean_100,2.3889602022088328,0.017755329123892084,37.470905325746614,34.21602107150715,1.851216916044236
SNACKPACK_STRAWBERRY,5,median_50,2.3055484453419024,0.01697115668237311,21.0403753988045,25.53674360686069,1.3816142103026094
SNACKPACK_STRAWBERRY,6,median_100,2.257544878993667,0.01753502228268091,40.14895586965791,34.84434673342334,1.8850884611158485
SNACKPACK_STRAWBERRY,7,ewma_50,2.0146742205756163,0.017047966839783452,38.99254310603615,35.33064291807088,1.9116126947464744
SNACKPACK_STRAWBERRY,8,rangemid_200,1.6991077102898302,0.01711654304360994,63.42196066349538,46.65927177717772,2.5246590409040905
SNACKPACK_VANILLA,1,ewma_10,1.4283783389901208,0.01232072995536583,9.43514805755959,14.08917353765003,0.8287749139794136
SNACKPACK_VANILLA,2,holt,1.389000441322124,0.012794128446874123,12.679126303717975,16.226422376099315,0.9544954338881949
SNACKPACK_VANILLA,3,mean_50,1.3175295166715135,0.013906239841670092,21.840234986618757,21.08713417746775,1.2404196574981028
SNACKPACK_VANILLA,4,median_50,1.2543102487441145,0.013524429830909696,23.200092278663412,21.40424080408041,1.259072988475318
SNACKPACK_VANILLA,5,quad_500,1.1911630457706963,0.017632494352500902,67.49709746841062,36.30902406443428,2.135824944966722
SNACKPACK_VANILLA,6,linreg_200,0.9742635295391026,0.012682732594621354,34.22143031637272,25.884031181806755,1.5225900695180443
SNACKPACK_VANILLA,7,markov_20,0.9580353572536205,0.026561652516544708,inf,5.1632592758777385,0.3037211338751611
SNACKPACK_VANILLA,8,microprice_raw,0.9494455824821233,0.02648444738679166,inf,5.134923285816203,0.3020543109303649
TRANSLATOR_ASTRO_BLACK,1,median_50,3.043300574418364,0.010148382202665115,24.93295585224429,31.119806149364937,3.889975768670617
TRANSLATOR_ASTRO_BLACK,2,ar5_dx,2.585465810882428,0.007402099423650679,0.1594659340792382,7.270202040266222,0.9087752550332777
TRANSLATOR_ASTRO_BLACK,3,ar3_dx,2.556303219002766,0.007340117032377603,0.15832511649234177,7.269927002185195,0.9087408752731494
TRANSLATOR_ASTRO_BLACK,4,ar1_dx,2.5429872893932184,0.007312846015099718,0.1617963229900795,7.268950243134186,0.9086187803917732
TRANSLATOR_ASTRO_BLACK,5,ar2_dx,2.540441386271441,0.007306378157411616,0.1575787837800379,7.269997802405799,0.9087497253007248
TRANSLATOR_ASTRO_BLACK,6,kalman_mle,2.4992768746485385,0.007212600223986047,0.13297633444607532,7.266764171265931,0.9083455214082414
TRANSLATOR_ASTRO_BLACK,7,mean_50,2.3983312719035497,0.008743611315079086,23.2918033409614,30.517666101410136,3.814708262676267
TRANSLATOR_ASTRO_BLACK,8,holt,1.9469548436359112,0.007397691644680333,13.73030406838584,23.62322039907509,2.9529025498843864
TRANSLATOR_ECLIPSE_CHARCOAL,1,ewma_10,1.254676705155862,0.01166026470489726,9.382461158357973,21.46937214422155,2.385485793802394
TRANSLATOR_ECLIPSE_CHARCOAL,2,markov_20,1.045482330492236,0.005910261937581918,0.11085006969732737,7.926375711457686,0.8807084123841873
TRANSLATOR_ECLIPSE_CHARCOAL,3,ofi_lag1,1.0111708601984075,0.005693368564826526,0.07938608548671042,7.911235843903778,0.8790262048781976
TRANSLATOR_ECLIPSE_CHARCOAL,4,markov_50,1.0091127110810023,0.005742039614972693,0.12107980543087882,7.939496197332669,0.8821662441480744
TRANSLATOR_ECLIPSE_CHARCOAL,5,microprice_raw,1.0083832568711113,0.005700168426043709,0.09464289891459332,7.9116773644952705,0.8790752627216967
TRANSLATOR_ECLIPSE_CHARCOAL,6,ar5_dx,1.0082080919441472,0.005771083039014781,0.14842329087637876,7.9189867507888625,0.879887416754318
TRANSLATOR_ECLIPSE_CHARCOAL,7,mid_anchor,0.9897323290738489,0.0055820250926769,0.07693548625342068,7.911042554255426,0.8790047282506028
TRANSLATOR_ECLIPSE_CHARCOAL,8,markov_10,0.9864453982874124,0.005600991031862735,0.10238928475227974,7.9199603853705405,0.8799955983745045
TRANSLATOR_GRAPHITE_MIST,1,ofi_lag1,2.9368367125999733,0.00967771084119376,0.14994246433279307,8.197472460867083,0.9108302734296759
TRANSLATOR_GRAPHITE_MIST,2,ar5_dx,2.9270630448773183,0.009657048095664207,0.15158318840084659,8.2059451445011,0.9117716827223444
TRANSLATOR_GRAPHITE_MIST,3,kalman_mle,2.925871948873609,0.009660035910558896,0.15871279991466475,8.198089980341239,0.9108988867045822
TRANSLATOR_GRAPHITE_MIST,4,ar3_dx,2.9004608311396605,0.009595549098085635,0.15066416977865485,8.204909352762384,0.911656594751376
TRANSLATOR_GRAPHITE_MIST,5,mid_anchor,2.892133327062586,0.009575957529811906,0.15022702464701876,8.197672274727474,0.9108524749697191
TRANSLATOR_GRAPHITE_MIST,6,microprice_raw,2.8783446085227355,0.009546246023304304,0.15241883718889807,8.194922940569361,0.9105469933965956
TRANSLATOR_GRAPHITE_MIST,7,ar2_dx,2.8583320882913084,0.00949966606205455,0.1510442074484408,8.20240427384948,0.9113782526499421
TRANSLATOR_GRAPHITE_MIST,8,lattice_1,2.851156439256262,0.009483913668100854,0.1514641192701597,8.21104790979098,0.9123386566434422
TRANSLATOR_SPACE_GRAY,1,lattice_5,2.7524044369896075,0.010562931279445298,0.16015222817067903,7.516565254025402,0.8859036428642864
TRANSLATOR_SPACE_GRAY,2,markov_50,2.3898968535592777,0.009377825187684333,0.1647634044117426,7.427150435921115,0.8752791380204152
TRANSLATOR_SPACE_GRAY,3,markov_20,2.2856770701193008,0.009036828678645708,0.1641860375192499,7.416608921715635,0.8740977024631977
TRANSLATOR_SPACE_GRAY,4,lattice_2,2.2639585834469087,0.008965482980817636,0.16241226565854047,7.427410773577358,0.8753753050305031
TRANSLATOR_SPACE_GRAY,5,markov_10,2.259869674788518,0.008951796495293471,0.16296367317908209,7.41371164778553,0.8737429369503458
TRANSLATOR_SPACE_GRAY,6,lattice_1,2.25608656075618,0.008937719336577,0.15962686120039354,7.414709848484849,0.8738356060606061
TRANSLATOR_SPACE_GRAY,7,kalman_mle,2.237955668315479,0.008877918664296547,0.15889120099759724,7.4096874996069975,0.8732616157505984
TRANSLATOR_SPACE_GRAY,8,ofi_lag1,2.1704402324193537,0.008657843035351503,0.15941110663776276,7.410944521419193,0.8734202885714937
TRANSLATOR_VOID_BLUE,1,ewma_10,2.341005184946405,0.010004954272276002,9.485489416233406,24.15665430475571,2.4156654304755705
TRANSLATOR_VOID_BLUE,2,microprice_ewma25,2.041631447145146,0.010038673047189464,22.968481999807384,36.85461938237955,3.685461938237955
TRANSLATOR_VOID_BLUE,3,ewma_25,2.039268575983432,0.010033314901682334,22.96759199881207,36.855078112269524,3.685507811226952
TRANSLATOR_VOID_BLUE,4,linreg_200,1.8433079681752247,0.009978282573152388,33.20753480759824,44.704938112838924,4.470493811283893
TRANSLATOR_VOID_BLUE,5,mean_100,1.8236212319588834,0.010177717819852038,41.85743887655554,49.59851128252826,4.959851128252826
TRANSLATOR_VOID_BLUE,6,holt,1.776108144105077,0.008939093088176937,12.679194351715308,27.85671727698066,2.785671727698066
TRANSLATOR_VOID_BLUE,7,median_100,1.4398420282307545,0.009369278583063002,45.431603061759915,50.637132564506445,5.063713256450645
TRANSLATOR_VOID_BLUE,8,ewma_50,1.4134376660964425,0.009313365040741733,44.97245207906453,50.84677721471668,5.084677721471668
UV_VISOR_AMBER,1,ewma_10,2.311317073305748,0.008370588236204029,10.30049880843923,16.68365558003861,1.758070190327018
UV_VISOR_AMBER,2,ewma_25,2.239362298708044,0.009203500137866229,26.86108590982088,26.47436215921467,2.792643786009933
UV_VISOR_AMBER,3,microprice_ewma25,2.2331023436652773,0.009186644061469006,26.865393853870366,26.473747323106906,2.7925623999078555
UV_VISOR_AMBER,4,linreg_500,2.1412079071174395,0.011023819715248528,108.96624194228777,52.57762215412786,5.555006083103942
UV_VISOR_AMBER,5,ewma_50,1.9323372037037252,0.009329191633094511,55.143926152902836,37.449406578630196,3.9546949891608
UV_VISOR_AMBER,6,mean_100,1.819688606081598,0.008898186195626684,50.36637370408301,35.961611945969594,3.795182968996621
UV_VISOR_AMBER,7,mean_50,1.7142654841456644,0.007656361167247884,24.06283567463706,25.186995590759082,2.6542651989732313
UV_VISOR_AMBER,8,median_50,1.5844407589748362,0.007355011321681575,25.4697612118269,25.50626210621062,2.6880824562456245
UV_VISOR_MAGENTA,1,median_50,1.7289599974537113,0.012230857952553447,22.989739145255907,37.76095600060006,2.5173970667066707
UV_VISOR_MAGENTA,2,mean_50,1.686633221973337,0.011974015047527205,21.602168765961093,37.098972200820086,2.4732648133880057
UV_VISOR_MAGENTA,3,microprice_ewma25,1.51078927813644,0.011381098174269204,22.89942936029764,38.10114403373205,2.54007626891547
UV_VISOR_MAGENTA,4,ewma_25,1.5089863120613511,0.011373916138642672,22.897051051417602,38.10222721346524,2.540148480897683
UV_VISOR_MAGENTA,5,ewma_50,1.4790178997390226,0.012664557494105243,44.20771945478093,52.90025753186964,3.526683835457976
UV_VISOR_MAGENTA,6,mean_100,1.466777677774314,0.012454667243255958,41.52165863980642,51.046981429667966,3.4031320953111974
UV_VISOR_MAGENTA,7,median_100,1.4589081902610774,0.01252184456575682,44.15458699244762,51.866188253825385,3.457745883588359
UV_VISOR_MAGENTA,8,rangemid_200,1.1213721148411682,0.01271483644062181,72.6226457860783,70.79513976522652,4.719675984348434
UV_VISOR_ORANGE,1,lattice_5,1.982922617403449,0.0057654059548202805,0.15291634573246315,8.602909763476347,0.6144935545340249
UV_VISOR_ORANGE,2,ar2_dx,1.7717475105315204,0.005242664806291677,0.13745256352302754,8.537905300490053,0.6098503786064323
UV_VISOR_ORANGE,3,ar1_dx,1.7158906401871856,0.005108012053807821,0.13719576421273944,8.536065893975469,0.6097189924268192
UV_VISOR_ORANGE,4,ar5_dx,1.712979988836535,0.005093375397720156,0.1278308833422529,8.54497592915893,0.6103554235113521
UV_VISOR_ORANGE,5,kalman_mle,1.6616938918381488,0.0049959322611868315,0.15926586033328896,8.535819991187932,0.6097014279419951
UV_VISOR_ORANGE,6,mid_anchor,1.6563831701114715,0.0049734482946566854,0.14753516788017831,8.535331178117811,0.6096665127227009
UV_VISOR_ORANGE,7,microprice_raw,1.6542830992674573,0.0049583494691106105,0.13588844192421973,8.523659105211504,0.6088327932293931
UV_VISOR_ORANGE,8,ar3_dx,1.6535205727700093,0.004955108363784351,0.13363993773155672,8.541031458802514,0.610073675628751
UV_VISOR_RED,1,lattice_2,3.217777325382821,0.009748736594273144,0.12728836685685263,8.880545212021202,0.611933609372842
UV_VISOR_RED,2,ofi_lag1,3.1973805087006344,0.009693259598462735,0.13170756561854072,8.866168080222725,0.6109472329131493
UV_VISOR_RED,3,mid_anchor,3.1801617546144376,0.009642981450454703,0.13171173123901095,8.866044344434442,0.61093914677182
UV_VISOR_RED,4,markov_10,3.1514391233276635,0.009562440165655835,0.13473435916242793,8.869993139190152,0.6112098737752469
UV_VISOR_RED,5,markov_50,3.1427520984302353,0.009535645775669262,0.13277548442388287,8.885286540287256,0.6122909524880573
UV_VISOR_RED,6,lattice_1,3.1129316581686224,0.009441747530876472,0.1267628019840982,8.873244826982699,0.6114304884655132
UV_VISOR_RED,7,microprice_raw,3.103947773821697,0.00942814100979286,0.1395757839905077,8.852870427653219,0.6100200807513265
UV_VISOR_RED,8,kalman_mle,3.1015607764048942,0.00944365243649173,0.16075252571495505,8.867650986467508,0.6110466516895751
UV_VISOR_YELLOW,1,ar2_dx,2.9151570260599815,0.00902614978287996,0.14360260478656922,8.884102097744908,0.6361274341037595
UV_VISOR_YELLOW,2,kalman_mle,2.903846187059689,0.008979905519575863,0.12798111892090014,8.877978590294273,0.6356824563968397
UV_VISOR_YELLOW,3,lattice_2,2.872087264351152,0.008891611991482837,0.12485015416983389,8.88970299779978,0.6365440767538293
UV_VISOR_YELLOW,4,ar1_dx,2.8510801236642083,0.008851729113212062,0.14185643859342,8.881917227573965,0.635979229888209
UV_VISOR_YELLOW,5,mid_anchor,2.8489175110337914,0.008831886290407463,0.12793839317596264,8.877977217721773,0.6356823500811619
UV_VISOR_YELLOW,6,markov_20,2.8404880270808386,0.008816623580703219,0.13496142811457942,8.890737904732589,0.6365734681238344
UV_VISOR_YELLOW,7,markov_50,2.802081267934751,0.00871198968612705,0.13355342228499964,8.897769093798779,0.6370734145047094
UV_VISOR_YELLOW,8,markov_10,2.7958828072933586,0.008694143334052724,0.132826127698066,8.88493713796192,0.6361851841387686
