i,j,lag,group_i,group_j,slope,intercept,adf_p,ou_hl,fA_sharpe,fA_pnl,fB_sharpe,fB_pnl,min_fold_sharpe
SNACKPACK_VANILLA,SNACKPACK_CHOCOLATE,100,snackpack,snackpack,-0.7816128779826323,17791.784763517302,6.233126422948692e-05,147.35360854597354,4.2468323681989775,2678.4068647903605,2.841056021357965,1407.8736695533917,2.841056021357965
SNACKPACK_CHOCOLATE,SNACKPACK_VANILLA,100,snackpack,snackpack,-0.9707740650022283,19644.26450086045,0.0005019173422594585,173.89771671115503,2.8140686169710074,2034.7929859252745,2.631959606161983,1884.3178701975467,2.631959606161983
MICROCHIP_SQUARE,SLEEP_POD_SUEDE,100,microchip,sleep_pod,1.8491788283254749,-7466.61592831549,0.006707576836694111,845.2215638318196,2.437415738002815,2479.774358656159,2.3844793031980305,3503.2219824580025,2.3844793031980305
PEBBLES_M,OXYGEN_SHAKE_MORNING_BREATH,5,pebbles,oxygen_shake,-0.9038574030984422,19302.333841766544,0.0008275709083778488,551.9518004068559,2.1035719541787556,2697.7952927331353,2.23749993317554,2974.3585730206796,2.1035719541787556
SNACKPACK_CHOCOLATE,PANEL_2X4,1,snackpack,panel,-0.21714885941544398,12289.621446654113,0.0011057476862813434,610.9922047426332,2.184882578053986,863.7959034489577,2.0419577228709658,926.0812184613351,2.0419577228709658
OXYGEN_SHAKE_GARLIC,PEBBLES_S,100,oxygen_shake,pebbles,-1.0104832895891487,20961.44090806879,0.0018471963679302231,703.9294066808683,2.32134333998419,2797.996970779017,2.04083863776631,2406.989685389708,2.04083863776631
SNACKPACK_CHOCOLATE,PANEL_2X4,20,snackpack,panel,-0.21750294142830992,12293.357509223635,0.0008940435430020505,605.521781875436,2.2578090294405344,854.136033590954,1.9833089495989251,895.0101633563045,1.9833089495989251
SNACKPACK_CHOCOLATE,PANEL_2X4,5,snackpack,panel,-0.21721280208106467,12290.287714606307,0.0011507867962546698,607.2089428105073,2.216055812678627,847.1375359965405,1.9449444371651798,890.7191892859264,1.9449444371651798
GALAXY_SOUNDS_SOLAR_WINDS,PANEL_1X4,20,galaxy_sounds,panel,-0.5379408297010201,15493.192458673155,0.013922633311175889,937.0807142886117,1.9421600496476135,1351.977184064397,1.9797499254374924,1678.522982095279,1.9421600496476135
SNACKPACK_CHOCOLATE,PANEL_2X4,100,snackpack,panel,-0.21931581081611792,12312.853098352913,0.0010827684165742992,591.7859850618498,2.2544192439712107,899.272695469228,1.9249809888237042,888.6076134479845,1.9249809888237042
GALAXY_SOUNDS_SOLAR_WINDS,PANEL_1X4,100,galaxy_sounds,panel,-0.5393360567523138,15507.580615623154,0.01562746322375906,922.2975645092606,1.907171133482683,1332.5043207924555,2.573735227289337,2044.7735342953565,1.907171133482683
PEBBLES_M,OXYGEN_SHAKE_MORNING_BREATH,20,pebbles,oxygen_shake,-0.9045190182030806,19309.287140806162,0.00046152473873244565,548.9504554163493,2.4186931168494614,3117.700043645371,1.8977921831873703,2523.549621909495,1.8977921831873703
PEBBLES_M,OXYGEN_SHAKE_MORNING_BREATH,1,pebbles,oxygen_shake,-0.9036874531311152,19300.54973077501,0.00040680478424136806,554.5727947989164,2.077121035777911,2652.6805078739726,1.8650520530485537,2507.030867091047,1.8650520530485537
GALAXY_SOUNDS_SOLAR_WINDS,PANEL_1X4,1,galaxy_sounds,panel,-0.5376632969240946,15490.29577772381,0.01572925156353924,940.7829274965037,1.8566577790596765,1304.299173735115,2.425757835734054,2028.7703596133215,1.8566577790596765
UV_VISOR_AMBER,SNACKPACK_STRAWBERRY,100,uv_visor,snackpack,-2.4305786726880605,33927.276302152575,0.0013479252773879152,628.6200934918518,1.9168048573654297,3371.053532517257,1.8442064614951816,2659.0989165345127,1.8442064614951816
PANEL_2X4,PEBBLES_XL,1,panel,pebbles,0.309330121132573,7174.371327549632,0.000634066539455699,585.5415365217357,1.8707030491443228,2103.503817174571,1.8409257868696274,2066.6270534948544,1.8409257868696274
SLEEP_POD_POLYESTER,UV_VISOR_AMBER,100,sleep_pod,uv_visor,-0.9159057482909352,19095.564289887556,0.007213626584189426,819.522122169155,2.052428178536342,1496.7955095721172,1.836047929499616,1752.820405444807,1.836047929499616
SLEEP_POD_POLYESTER,UV_VISOR_AMBER,5,sleep_pod,uv_visor,-0.922343009134443,19138.28450459743,0.004830881067553856,814.1458192235326,2.2025954078941496,1927.6907019773826,1.8240209237526193,1648.307389843465,1.8240209237526193
PEBBLES_M,OXYGEN_SHAKE_MORNING_BREATH,100,pebbles,oxygen_shake,-0.9071032460880762,19337.10366530879,0.0002847209173172602,539.3480685039403,1.8218882283142792,2345.494772349977,2.291384745254563,2914.220832891797,1.8218882283142792
GALAXY_SOUNDS_SOLAR_WINDS,PANEL_1X4,5,galaxy_sounds,panel,-0.5377188512714576,15490.885614818253,0.01299755930609018,928.3479891785547,1.7967503394598172,1278.419480055456,2.001163460901115,1711.0280639177981,1.7967503394598172
SLEEP_POD_POLYESTER,UV_VISOR_AMBER,1,sleep_pod,uv_visor,-0.9225733259659191,19139.766267343028,0.003244531099810751,814.2867973310238,2.314739645633913,1992.2534919777281,1.778417770258076,1616.7950885620921,1.778417770258076
GALAXY_SOUNDS_DARK_MATTER,UV_VISOR_YELLOW,100,galaxy_sounds,uv_visor,0.36893808206238893,6183.87642392147,0.000524562521273868,550.019265887205,1.7528246666757836,1651.372429410223,2.5055541491372955,1128.6249730733052,1.7528246666757836
PANEL_2X4,PEBBLES_XL,5,panel,pebbles,0.3092340069776027,7175.927154712559,0.0007298983773577191,583.4038777417818,1.7520421704694293,1976.1052440392905,1.8132000916692461,2050.951036415365,1.7520421704694293
PEBBLES_XL,PANEL_2X4,1,pebbles,panel,2.4820760435062317,-14735.725533064964,0.0007395910078968538,602.718075416015,1.7469537977052807,5142.848404015553,2.332624668226833,5840.566929998837,1.7469537977052807
PEBBLES_XL,PANEL_2X4,5,pebbles,panel,2.482227230783029,-14736.627433039512,0.0007638721509628662,600.6601610798477,1.7454708040478666,5163.668461174093,2.3286690928454057,5912.130770392856,1.7454708040478666
SNACKPACK_STRAWBERRY,UV_VISOR_AMBER,100,snackpack,uv_visor,-0.32401285573374444,13273.34168277188,0.00018235520790096946,497.56936776828815,2.044604444862669,1040.3741735524072,1.7441505452623376,862.5296602564595,1.7441505452623376
SLEEP_POD_SUEDE,MICROCHIP_SQUARE,5,sleep_pod,microchip,0.45161412370049897,5258.074918911748,0.009464215515248614,817.9379033543344,1.737632816498274,588.9197478315618,1.768146389061058,1176.6277300115653,1.737632816498274
SLEEP_POD_POLYESTER,UV_VISOR_AMBER,20,sleep_pod,uv_visor,-0.9214745708124291,19132.670249221734,0.0064751479766531955,810.2053374456563,2.285796396901264,1936.3045079396215,1.7320960937190475,1674.380965391907,1.7320960937190475
PEBBLES_S,PANEL_2X4,100,pebbles,panel,-1.1002206590772288,21318.898591715264,0.0051287098294639935,796.5826732213334,1.9373466109214383,2204.5752033073186,1.7263772791452907,2679.7487034990463,1.7263772791452907
SNACKPACK_STRAWBERRY,UV_VISOR_AMBER,20,snackpack,uv_visor,-0.32558077040528716,13283.150763786382,0.0002126795620130382,503.36208410786935,1.7124418698359598,842.1162212624877,1.73359126250164,861.2676918378875,1.7124418698359598
PEBBLES_XL,PANEL_2X4,20,pebbles,panel,2.4826780489833116,-14738.740593613664,0.0006841778950667936,596.6324216084749,1.706298117421372,5118.559490614967,1.9455700505244347,4863.64147329202,1.706298117421372
PEBBLES_S,OXYGEN_SHAKE_GARLIC,20,pebbles,oxygen_shake,-0.7727237760193734,18145.83491576894,0.0034362422243673315,705.5276816552174,1.9320630682018818,1849.5189350930104,1.6944690758386105,2200.2443265914353,1.6944690758386105
OXYGEN_SHAKE_MORNING_BREATH,PEBBLES_M,100,oxygen_shake,pebbles,-0.8108942433400526,18321.206456773343,0.0025183227568288426,634.8808654068215,1.6887158498036772,1795.7104142825265,2.840947574134611,2290.836783889643,1.6887158498036772
UV_VISOR_AMBER,SNACKPACK_STRAWBERRY,5,uv_visor,snackpack,-2.4491955648629253,34133.843718037206,0.0008350560448555165,602.366399216538,1.6847965077090927,2918.697888504521,2.0309829256445826,2981.371681851815,1.6847965077090927
SLEEP_POD_SUEDE,MICROCHIP_SQUARE,1,sleep_pod,microchip,0.4516242770887284,5257.749218242207,0.00858264913450568,815.0635780122585,1.7577158758451235,595.1975576737786,1.6791226943673476,1147.6665061333624,1.6791226943673476
UV_VISOR_AMBER,SNACKPACK_STRAWBERRY,20,uv_visor,snackpack,-2.445794297399974,34096.17794022894,0.0008931402692966343,608.7698375805129,1.678959159010807,2885.886339158671,1.8957493410152189,2801.9213951621678,1.678959159010807
SNACKPACK_STRAWBERRY,UV_VISOR_AMBER,1,snackpack,uv_visor,-0.32588973025829376,13284.981103042262,0.00020443006431724412,506.4957754040816,1.6813357184370417,818.211792476568,1.6733030174527759,837.0258246500034,1.6733030174527759
UV_VISOR_AMBER,SNACKPACK_STRAWBERRY,1,uv_visor,snackpack,-2.450106587117227,34143.94273172769,0.0007982285398981169,602.6107554293357,1.6655958301298255,2878.322148836345,2.4103239481499963,3576.8126572619003,1.6655958301298255
SNACKPACK_STRAWBERRY,UV_VISOR_AMBER,5,snackpack,uv_visor,-0.3258280537962662,13284.622127262548,0.0002606614187184986,502.4966673746636,1.673867224361393,824.1953845726821,1.6591972380461146,835.1522174055681,1.6591972380461146
GALAXY_SOUNDS_DARK_MATTER,UV_VISOR_YELLOW,1,galaxy_sounds,uv_visor,0.37250089422525334,6144.994437218317,0.0003454195189722539,525.1471664198731,1.5921554779217009,1540.505112352179,2.0139951121380224,824.3700464997164,1.5921554779217009
PEBBLES_S,GALAXY_SOUNDS_BLACK_HOLES,20,pebbles,galaxy_sounds,-0.7690102978088632,17748.75572133899,0.001640120906017947,724.8978605156415,1.9607615552386943,2109.293232969334,1.5892074426638727,1902.2515853199166,1.5892074426638727
MICROCHIP_SQUARE,SLEEP_POD_SUEDE,1,microchip,sleep_pod,1.8677787000111792,-7692.96589523037,0.005885621751774967,808.3914263278023,1.5846432639934065,1168.304113452723,1.7419467121298864,2884.18676091461,1.5846432639934065
SLEEP_POD_SUEDE,MICROCHIP_SQUARE,20,sleep_pod,microchip,0.4515564561361945,5259.570197700354,0.009095208598160737,824.3003613758785,1.5676611891590087,589.755664067623,1.84102171160034,1110.5626265987285,1.5676611891590087
PEBBLES_S,GALAXY_SOUNDS_BLACK_HOLES,100,pebbles,galaxy_sounds,-0.76798793945877,17729.4059141757,0.0015010335410080033,761.4836081656716,1.5617991088433016,1797.4949442255966,2.13303475236792,2677.660821570342,1.5617991088433016
MICROCHIP_SQUARE,SLEEP_POD_SUEDE,20,microchip,sleep_pod,1.864258363987241,-7650.059386742636,0.005981719126614011,819.6196535039094,1.5597578203852018,1143.7134674199515,1.8711252790388937,2946.897667805919,1.5597578203852018
SNACKPACK_STRAWBERRY,SLEEP_POD_POLYESTER,100,snackpack,sleep_pod,0.32424444203876845,6870.024333704087,0.0005224962867627326,510.18283854543347,1.5581646549741914,873.9752099575926,2.886482314284424,1571.1690323193452,1.5581646549741914
SNACKPACK_VANILLA,PANEL_2X4,5,snackpack,panel,0.1490704816817463,8418.012472433675,0.0033139405173702704,705.9308506919931,1.8405627354756287,743.9345861669626,1.5531579909682278,595.1674870726674,1.5531579909682278
GALAXY_SOUNDS_DARK_MATTER,UV_VISOR_YELLOW,20,galaxy_sounds,uv_visor,0.37173164227359884,6153.3682394740235,0.00036665666343597964,534.9156202746259,1.5515834269829305,1491.9818966464536,1.9467942693228009,836.3053858849307,1.5515834269829305
PEBBLES_S,GALAXY_SOUNDS_BLACK_HOLES,5,pebbles,galaxy_sounds,-0.7693413888529935,17753.863113292795,0.003800206031983017,725.022539695447,1.6383123648918891,1763.4823182517066,1.5310341123577753,1887.792354791207,1.5310341123577753
SNACKPACK_VANILLA,PANEL_2X4,1,snackpack,panel,0.1489969745294914,8418.804623162,0.0036557017661126502,705.2279005445478,1.7458509743413175,751.4370445026925,1.5279060927817816,582.8152246001846,1.5279060927817816
MICROCHIP_SQUARE,SLEEP_POD_SUEDE,5,microchip,sleep_pod,1.8670373395927784,-7683.937480383369,0.011215864706694254,805.6663522797999,1.5163767867936566,1178.820256134506,1.9011676706557825,2964.8965163845314,1.5163767867936566
PEBBLES_S,OXYGEN_SHAKE_GARLIC,100,pebbles,oxygen_shake,-0.7718228093270282,18127.722946312624,0.003671536310447342,724.8548770001651,1.6467463442826162,1458.9466997744912,1.5069030203317388,1887.216419189781,1.5069030203317388
PEBBLES_XL,PANEL_2X4,100,pebbles,panel,2.4836375314050287,-14734.160489337817,0.0005179794217657819,576.7824762327642,1.5016367100138694,4709.979896102588,2.401478634094641,5889.062473883929,1.5016367100138694
PANEL_2X4,PEBBLES_S,20,panel,pebbles,-0.6236562146290572,16837.28630631082,0.004109908870763749,784.28742101314,1.4317285202900099,1372.586058184741,1.9079718356317756,1375.1130457341733,1.4317285202900099
ROBOT_IRONING,PEBBLES_M,100,robot,pebbles,-0.915306293105909,18089.46446260394,0.005119803597513802,803.1259974313233,1.4313607630465675,1601.5920551755626,1.9338388147311951,2410.265165134635,1.4313607630465675
SNACKPACK_PISTACHIO,OXYGEN_SHAKE_GARLIC,100,snackpack,oxygen_shake,-0.14704865189319102,11246.923572730424,0.0014506081357217675,656.7552679758955,1.425555225052941,650.4594197787264,3.2509860346246553,1030.1064684306184,1.425555225052941
GALAXY_SOUNDS_DARK_MATTER,UV_VISOR_YELLOW,5,galaxy_sounds,uv_visor,0.3723433389937314,6146.707957072923,0.000336692006583406,528.8091730269729,1.4193261005432882,1366.06827864343,1.9188392799963971,830.1820222754795,1.4193261005432882
SNACKPACK_VANILLA,PANEL_2X4,20,snackpack,panel,0.14940652642912336,8414.356524737537,0.003024014111863128,705.3392748712239,1.4114300400458972,553.5855346009212,1.5596231781043408,599.5499261866698,1.4114300400458972
PANEL_2X4,PEBBLES_S,5,panel,pebbles,-0.6240537370367631,16839.944282279965,0.0007915596674364999,773.5519388487066,1.40728230058391,1352.8641646203505,1.4450296801020734,935.4045207295658,1.40728230058391
SNACKPACK_VANILLA,PANEL_1X2,20,snackpack,panel,0.14651952843398516,8790.086340762948,0.00414640984531478,743.1143334187144,1.4046314008755427,595.0453338705429,1.7724720819364361,762.6149433018654,1.4046314008755427
PEBBLES_S,OXYGEN_SHAKE_GARLIC,1,pebbles,oxygen_shake,-0.7727027691234808,18147.245521101402,0.0030058039452834718,692.2391456803109,1.9430633609611714,1840.2941192792587,1.4027173548152976,1834.937001054439,1.4027173548152976
SNACKPACK_VANILLA,PANEL_1X2,100,snackpack,panel,0.14762973795971995,8780.630463694833,0.004034386377094775,741.3196564298761,1.3997062763702603,590.7868748296842,1.800253481643382,767.1349535619538,1.3997062763702603
PANEL_2X4,PEBBLES_S,1,panel,pebbles,-0.624170797571384,16840.749405625695,0.000824973362846105,787.2364953113146,1.3993422707217669,1348.9775067510636,1.5473934075307247,973.8216166944876,1.3993422707217669
PANEL_2X4,OXYGEN_SHAKE_GARLIC,20,panel,oxygen_shake,0.5541264229945312,4658.623237600704,0.011091447009933713,911.5016651212261,1.384685204782377,1343.9463522918431,2.857470255578697,1389.3370236509218,1.384685204782377
PEBBLES_S,OXYGEN_SHAKE_GARLIC,5,pebbles,oxygen_shake,-0.7727200834350947,18147.107658276203,0.002782096425600468,692.6991652607624,2.052321560770172,1857.2218232438026,1.3751566079700046,1773.4668015232164,1.3751566079700046
PANEL_2X4,OXYGEN_SHAKE_GARLIC,1,panel,oxygen_shake,0.5544637923840529,4653.115945040127,0.010616241392101817,909.3921697940795,1.3734500870105142,1330.8753595671606,2.9244481992850337,1395.8319861895052,1.3734500870105142
SNACKPACK_PISTACHIO,PEBBLES_XS,1,snackpack,pebbles,0.09922459214509827,8761.100229781694,0.0025655804235124036,676.3614338417977,2.339394815731056,736.7483376131859,1.3685524193192333,484.8784404531143,1.3685524193192333
PANEL_2X4,OXYGEN_SHAKE_GARLIC,5,panel,oxygen_shake,0.5543780111137526,4654.452549226243,0.010925282036154556,905.1104152348526,1.3658067053554157,1325.4312557085777,2.912050225175086,1389.871578747472,1.3658067053554157
SNACKPACK_PISTACHIO,PEBBLES_XS,20,snackpack,pebbles,0.09907088841720298,8761.845169065487,0.004862233047547192,680.5046642263748,2.2849958404410455,738.0328280291269,1.3636868471969394,479.15664087933874,1.3636868471969394
SNACKPACK_VANILLA,PANEL_1X2,5,snackpack,panel,0.14617393948537333,8793.067253636478,0.0032527634466906464,737.2325355605071,1.3623184877664996,578.4004070240553,1.8098853183779666,779.702235517223,1.3623184877664996
SNACKPACK_VANILLA,PANEL_1X2,1,snackpack,panel,0.1460910242046984,8793.778855168383,0.0038089084003811186,736.7442432548012,1.3621140342363214,575.4292934055993,1.8080347234311263,775.4694337406636,1.3621140342363214
SNACKPACK_PISTACHIO,PEBBLES_XS,100,snackpack,pebbles,0.09825494017390204,8766.249843462334,0.0025206622712394128,671.8681798275912,2.3148052761314255,728.262510424358,1.3455868281248655,471.1249972127007,1.3455868281248655
SLEEP_POD_SUEDE,MICROCHIP_SQUARE,100,sleep_pod,microchip,0.4511103530416515,5269.195933417363,0.010236881919097171,801.8151454526939,2.6776323632112153,1193.245577320853,1.3319427212551536,620.7535698510055,1.3319427212551536
PANEL_2X4,PEBBLES_XL,20,panel,pebbles,0.3088604927086312,7181.9109786943945,0.0004954587461763067,586.4037289955778,1.2986843035193536,1428.0546726205612,1.4916151065455545,1650.4243236151706,1.2986843035193536
UV_VISOR_AMBER,SLEEP_POD_POLYESTER,100,uv_visor,sleep_pod,-0.9552593780062485,19215.393329985007,0.013520866637985917,825.3382657750267,1.377355600452301,1534.7027223477253,1.293965566257503,1070.3229448540496,1.293965566257503
SNACKPACK_STRAWBERRY,SLEEP_POD_POLYESTER,5,snackpack,sleep_pod,0.32544378034048715,6853.2973690188455,0.00022622967865270022,527.345106910247,1.28038352681746,653.4792878187836,2.527326378526312,1390.8964452674409,1.28038352681746
SNACKPACK_STRAWBERRY,SLEEP_POD_POLYESTER,20,snackpack,sleep_pod,0.3253198362113076,6855.153570031603,0.000539601966832086,526.7850843606758,1.256025618517444,652.8002950400041,2.584056088870879,1346.1855050025606,1.256025618517444
SNACKPACK_STRAWBERRY,SLEEP_POD_POLYESTER,1,snackpack,sleep_pod,0.3254754528137944,6852.821516561052,0.0002673078458946162,525.6576370455957,1.251677107039389,649.4232417783369,2.857772068560991,1611.6260057211584,1.251677107039389
GALAXY_SOUNDS_BLACK_HOLES,PEBBLES_S,5,galaxy_sounds,pebbles,-1.0181740113867235,20561.95579944951,0.01123360437436235,822.3145146052991,1.669900481574869,1916.7916429296474,1.226656368604638,1792.630937913771,1.226656368604638
GALAXY_SOUNDS_BLACK_HOLES,PEBBLES_S,20,galaxy_sounds,pebbles,-1.0189105238060594,20569.713281920063,0.011619515926035473,833.9397901821977,1.4356718703201132,1557.5704219059407,1.2092817454234712,1763.6707556159017,1.2092817454234712
ROBOT_MOPPING,PANEL_1X4,100,robot,panel,-0.8041442303919017,18661.303745600962,0.01901556512323047,985.4678982751122,1.20836203149525,1024.562340958073,1.429806539416366,520.6286007768358,1.20836203149525
PEBBLES_S,PANEL_2X4,20,pebbles,panel,-1.1017757013394047,21342.744533337962,0.0007970238193828911,795.7067280285838,1.2070494885327039,1114.5223367728631,1.4405434518656588,2147.7187386070073,1.2070494885327039
SNACKPACK_PISTACHIO,MICROCHIP_OVAL,20,snackpack,microchip,0.09062696346408813,8754.06368970703,0.001020793275337678,665.3075292332904,1.204696016721598,341.9068979431486,1.6606154782936828,532.6238219215466,1.204696016721598
SNACKPACK_PISTACHIO,OXYGEN_SHAKE_GARLIC,1,snackpack,oxygen_shake,-0.1487624807481059,11269.905145842196,0.0012887280020290248,656.9130418696723,1.1999619770241938,545.8246168812238,2.2817513538414445,738.4682569774686,1.1999619770241938
GALAXY_SOUNDS_BLACK_HOLES,PEBBLES_S,1,galaxy_sounds,pebbles,-1.0179829712021022,20559.937409828195,0.006921611489664292,839.7691061761055,1.72570865010362,1961.4100851439907,1.198831362797103,1723.7088593508543,1.198831362797103
SNACKPACK_PISTACHIO,MICROCHIP_OVAL,5,snackpack,microchip,0.09069599200295243,8753.86307704348,0.001026179480834249,671.283799195274,1.1934300197479304,338.3948777608257,1.6786668338242394,541.0171320545032,1.1934300197479304
PEBBLES_S,GALAXY_SOUNDS_BLACK_HOLES,1,pebbles,galaxy_sounds,-0.7694153339426255,17755.05730162346,0.0035463070154324676,725.6910806084979,2.0592346583797325,2191.866216796243,1.181342065609964,1491.848662944656,1.181342065609964
SNACKPACK_PISTACHIO,MICROCHIP_OVAL,1,snackpack,microchip,0.09071515161209792,8753.805527706438,0.0010048639429369607,667.0884516176451,1.1811058884827967,338.76096972557025,1.6997865469219264,541.7720969245711,1.1811058884827967
ROBOT_IRONING,PEBBLES_M,1,robot,pebbles,-0.9153579313738259,18096.05464595134,0.005988714202475375,829.9207601310436,1.1807270419011036,1346.3427311733903,1.4734249919781863,1697.8262064581231,1.1807270419011036
SNACKPACK_PISTACHIO,OXYGEN_SHAKE_GARLIC,20,snackpack,oxygen_shake,-0.14845891032493833,11265.790003553157,0.0014157725506965331,656.1801543265757,1.1790422945664856,533.2124204839292,2.337980263916206,754.2852796782936,1.1790422945664856
SLEEP_POD_LAMB_WOOL,TRANSLATOR_ECLIPSE_CHARCOAL,1,sleep_pod,translator,-0.7159367125345051,17727.48533024148,0.002696921327295671,835.9460792823952,1.279556849256475,484.1529698073955,1.1699695034746036,844.7870905179425,1.1699695034746036
UV_VISOR_AMBER,SLEEP_POD_POLYESTER,1,uv_visor,sleep_pod,-0.959518962160613,19272.865267578487,0.005417142263557876,847.5066608783808,1.168399173013791,1294.1237157162268,1.2312438121753084,1045.4551157622773,1.168399173013791
PEBBLES_M,ROBOT_IRONING,5,pebbles,robot,-0.7284392640470874,16601.955772478315,0.003653083606084122,715.5225175560572,1.3535291212008802,1768.4670185971972,1.1677800230121023,554.3439264047101,1.1677800230121023
ROBOT_IRONING,PEBBLES_M,5,robot,pebbles,-0.9153750089182504,18096.00183821018,0.005700191436126806,826.8377695377927,1.1672790194309253,1337.060199454916,1.9409590125685332,2313.6343930594576,1.1672790194309253
ROBOT_IRONING,PEBBLES_M,20,robot,pebbles,-0.9153772052671039,18095.13357057347,0.009683450600369795,815.2454698800211,1.1645479023158913,1330.4052623948628,1.8883386144671235,2244.277620839399,1.1645479023158913
UV_VISOR_AMBER,SLEEP_POD_POLYESTER,5,uv_visor,sleep_pod,-0.9593041446890244,19270.02541757595,0.004868210202757882,861.1350665848953,1.1832027790495996,1301.6457208019674,1.1644318677238479,1000.2351640539655,1.1644318677238479
SLEEP_POD_LAMB_WOOL,TRANSLATOR_ECLIPSE_CHARCOAL,100,sleep_pod,translator,-0.691788660586341,17493.402899740624,0.003736533935379447,861.208414162633,1.3378657888511545,514.5152114931625,1.1550183764286852,818.5872633993622,1.1550183764286852
GALAXY_SOUNDS_BLACK_HOLES,PEBBLES_S,100,galaxy_sounds,pebbles,-1.021242968917232,20597.390855000358,0.006175297660089021,766.0045862029239,1.7637577195788936,1798.255705857453,1.1505705721060788,1698.3496255035952,1.1505705721060788
SNACKPACK_PISTACHIO,OXYGEN_SHAKE_GARLIC,5,snackpack,oxygen_shake,-0.14869880487970055,11269.04018668241,0.0013367448358358094,657.3644958765838,1.1486607307750487,522.5426829526223,2.3136001527956527,743.200682147608,1.1486607307750487
PEBBLES_M,ROBOT_IRONING,20,pebbles,robot,-0.728455173325091,16602.54056515899,0.002386523121269724,725.3507635525438,1.3584601724994392,1768.7113109280563,1.1414691059934348,552.8455173325092,1.1414691059934348
SLEEP_POD_LAMB_WOOL,TRANSLATOR_ECLIPSE_CHARCOAL,5,sleep_pod,translator,-0.7149291554981798,17717.704236984522,0.0024626783501712083,827.1231581467073,1.9890566480136498,993.9909456451096,1.1304715146801838,826.2586567705675,1.1304715146801838
PEBBLES_M,ROBOT_IRONING,1,pebbles,robot,-0.7284352781218678,16601.803879151346,0.0028601302254436193,725.3636089100856,1.366596987246718,1781.738691966024,1.110955219850254,541.490469468532,1.110955219850254
MICROCHIP_RECTANGLE,MICROCHIP_SQUARE,20,microchip,microchip,-0.36204410850193713,13653.480339734984,0.0026125316397299352,756.1577355383662,2.4079128907344995,2281.8687753932745,1.1035531257896194,1211.203797158666,1.1035531257896194
MICROCHIP_SQUARE,MICROCHIP_RECTANGLE,1,microchip,microchip,-2.1471945474070098,32345.111455245256,0.006497995997474808,824.6422110709542,2.3447895183754826,5364.944233640366,1.1026651620448287,2680.8513380329896,1.1026651620448287
PEBBLES_M,ROBOT_IRONING,100,pebbles,robot,-0.7289481998161417,16609.41297806013,0.005972566466668373,733.59111656282,1.4476769583339328,1840.4742578731366,1.0928854332992635,544.1053379834539,1.0928854332992635
MICROCHIP_SQUARE,MICROCHIP_RECTANGLE,100,microchip,microchip,-2.13495898775312,32249.469660471812,0.009197938398942195,815.8565255414815,1.4846686375366862,3447.994722479445,1.0886667487403718,2616.720814545164,1.0886667487403718
PANEL_2X4,PEBBLES_XL,100,panel,pebbles,0.3075234552606712,7205.10780576041,0.0006259666546010978,601.0237294063318,2.058800097657468,2241.216533583234,1.0870130027181255,1154.4584166198401,1.0870130027181255
MICROCHIP_SQUARE,MICROCHIP_RECTANGLE,5,microchip,microchip,-2.1466632940752137,32340.93566037577,0.008945988980564281,827.7694379694323,2.3701505984072266,5311.420724160525,1.0861975550610703,2687.797141728741,1.0861975550610703
MICROCHIP_SQUARE,MICROCHIP_RECTANGLE,20,microchip,microchip,-2.144707676224441,32325.564343998285,0.00553880959304103,825.415717898438,1.4729691048081979,3374.3770101102964,1.0844922241320445,2610.646232467003,1.0844922241320445
MICROCHIP_RECTANGLE,MICROCHIP_SQUARE,1,microchip,microchip,-0.3624981763220078,13660.468100655467,0.0046232325848938735,760.273068077821,2.7926980822447325,2674.9629370263983,1.0828471311236354,1195.3176567050423,1.0828471311236354
SNACKPACK_VANILLA,PANEL_2X4,100,snackpack,panel,0.1512741548739461,8393.873014805138,0.0034357522623995637,694.1678298415003,1.5054443985196797,585.4243629225621,1.0817807256332725,390.62506347281305,1.0817807256332725
PEBBLES_S,PANEL_2X4,1,pebbles,panel,-1.1018141700156674,21344.628762462107,0.005990711597288061,795.0683945616242,1.0780292235599387,1076.5622210326273,1.4350304439155388,2108.232704037193,1.0780292235599387
UV_VISOR_AMBER,SLEEP_POD_POLYESTER,20,uv_visor,sleep_pod,-0.9584839001822808,19259.19503065382,0.007202129532666978,844.2214218180991,1.0755238504336255,1204.3639697645267,1.2454835641644526,1063.4972696214736,1.0755238504336255
TRANSLATOR_ECLIPSE_CHARCOAL,SLEEP_POD_LAMB_WOOL,1,translator,sleep_pod,-0.5307839844057307,15493.887662403335,0.005375490089396393,834.6400473660594,1.657778790892376,1239.0896906355756,1.0727345052302002,388.21836484995765,1.0727345052302002
MICROCHIP_RECTANGLE,MICROCHIP_SQUARE,5,microchip,microchip,-0.3624049574292403,13659.029913152972,0.004626774612718122,756.8175497604616,2.788926743724359,2676.079896621679,1.0652461418148111,1171.0166438615543,1.0652461418148111
MICROCHIP_RECTANGLE,MICROCHIP_SQUARE,100,microchip,microchip,-0.3601647259711622,13624.64392144754,0.003960944665674587,764.2886918816024,1.6831187093608122,1507.0050440875993,1.0576677719134835,1160.4322323383567,1.0576677719134835
SNACKPACK_RASPBERRY,SNACKPACK_STRAWBERRY,100,snackpack,snackpack,-0.1708784802578124,11907.390095590166,0.0034577538161543802,522.9677035621096,1.0503319117222571,685.6949492425392,1.0448179600952203,570.7412905882029,1.0448179600952203
TRANSLATOR_ECLIPSE_CHARCOAL,SLEEP_POD_LAMB_WOOL,100,translator,sleep_pod,-0.5435586605731771,15629.520542705448,0.007130314120969152,805.6943968065057,1.6685859133569383,1208.8442572895365,1.0408333543940977,393.09215129201584,1.0408333543940977
PEBBLES_S,PANEL_2X4,5,pebbles,panel,-1.1018323889513897,21344.52984781118,0.0011418594369423216,789.4524920617886,1.0363568656630402,1052.0626370793725,1.4193582078787823,2126.0129203939578,1.0363568656630402
OXYGEN_SHAKE_GARLIC,PEBBLES_S,5,oxygen_shake,pebbles,-1.0113818820013512,20960.12815840001,0.005400487246338986,764.3501056866639,2.5810195919012062,2897.1793452649217,1.0341246025259625,1310.1373141074891,1.0341246025259625
UV_VISOR_YELLOW,GALAXY_SOUNDS_DARK_MATTER,1,uv_visor,galaxy_sounds,1.5837356231428323,-5238.833960878167,0.0038731532410577877,719.6336385023673,2.6962204026126635,3906.194411553952,1.0281404647687278,1236.2970679077152,1.0281404647687278
UV_VISOR_YELLOW,GALAXY_SOUNDS_DARK_MATTER,5,uv_visor,galaxy_sounds,1.5845185234667698,-5246.704444535159,0.0036825642088672604,721.6958095766402,2.7035137241332063,3917.7098217794774,1.0245432785729258,1274.932036579321,1.0245432785729258
OXYGEN_SHAKE_GARLIC,PEBBLES_S,1,oxygen_shake,pebbles,-1.0114089992229083,20959.999133310717,0.006724660610606223,763.2274914011592,2.5586944102107037,2912.9765908436857,1.0149156481979438,1272.7458602789156,1.0149156481979438
SNACKPACK_PISTACHIO,PEBBLES_XS,5,snackpack,pebbles,0.09919170040796434,8761.259267734029,0.007393568513363087,677.7271308166862,2.298131551859916,736.1025810692136,1.000595229792087,344.06286609114613,1.000595229792087
SLEEP_POD_POLYESTER,SNACKPACK_STRAWBERRY,20,sleep_pod,snackpack,2.3479699380283714,-13296.739921940798,0.0018145946988008246,617.011287567716,1.1908253210971826,1753.0976029522535,0.9968024664062316,1403.1936940170526,0.9968024664062316
SNACKPACK_RASPBERRY,SNACKPACK_STRAWBERRY,20,snackpack,snackpack,-0.1884194328780755,12095.163074515971,0.0052733282567969915,499.5844475839438,1.004739375697034,660.7572697201904,0.9963359302109894,546.9738711879563,0.9963359302109894
GALAXY_SOUNDS_DARK_MATTER,MICROCHIP_CIRCLE,20,galaxy_sounds,microchip,-0.3830073662481682,13755.889935135174,0.014717854413069062,866.1927332954966,0.9930210123671757,766.704965819763,1.288627950345602,569.8712090331974,0.9930210123671757
SLEEP_POD_POLYESTER,SNACKPACK_STRAWBERRY,5,sleep_pod,snackpack,2.351705130651962,-13337.841003399619,0.0009541250379098309,609.7303179379834,1.3177824805470917,1863.3615210769058,0.9883461563723916,1387.4114695795324,0.9883461563723916
GALAXY_SOUNDS_DARK_MATTER,MICROCHIP_CIRCLE,5,galaxy_sounds,microchip,-0.382383996399042,13750.252348469885,0.009557686931847451,850.8820669430612,0.9808119652883178,756.0002782625397,1.3403468967731993,622.0176716561109,0.9808119652883178
SLEEP_POD_POLYESTER,SNACKPACK_STRAWBERRY,1,sleep_pod,snackpack,2.3527089540184907,-13348.896096434937,0.002412427556274237,611.3298320500302,1.3475606708339858,1889.2292378585335,0.9742850166015964,1379.975562542655,0.9742850166015964
OXYGEN_SHAKE_CHOCOLATE,MICROCHIP_CIRCLE,100,oxygen_shake,microchip,0.8690837811006891,1550.4038114444659,0.013566317240485489,782.8343438070243,0.9739912179438925,774.1376274678805,1.246904341211955,1530.5815741452789,0.9739912179438925
ROBOT_IRONING,SNACKPACK_PISTACHIO,1,robot,snackpack,3.187580023317318,-21567.276068616477,0.014482516868783248,852.8963262514715,0.9645776824899495,1087.741036493877,1.5745500258185972,2533.8597937805316,0.9645776824899495
ROBOT_IRONING,SNACKPACK_PISTACHIO,20,robot,snackpack,3.1891784028978445,-21584.091457267623,0.014440974664775773,854.7210601650967,0.9560573465031604,1087.1593307606854,1.3372495651358718,2009.6294831184714,0.9560573465031604
ROBOT_IRONING,SNACKPACK_PISTACHIO,5,robot,snackpack,3.1878405489502906,-21570.08361929973,0.013663327591871006,849.6316324720025,0.9552400222465454,1085.9351873931482,1.5860214865997055,2553.9198441551525,0.9552400222465454
OXYGEN_SHAKE_MORNING_BREATH,PEBBLES_M,20,oxygen_shake,pebbles,-0.8133370455047219,18347.658580190815,0.0011838109854168163,622.6528014060295,0.9526753792682103,1094.1480015854304,2.5113653275669243,2240.025657349197,0.9526753792682103
TRANSLATOR_ECLIPSE_CHARCOAL,PANEL_1X2,5,translator,panel,-0.35462806142040176,12977.917357773029,0.015241708045779366,977.0113063243077,2.007295782849592,934.900908675625,0.951885572169457,408.5019867178453,0.951885572169457
GALAXY_SOUNDS_DARK_MATTER,MICROCHIP_CIRCLE,1,galaxy_sounds,microchip,-0.3822618721279026,13749.153717392823,0.012909161505151595,856.4640110298958,0.9496260449680445,739.586590744273,1.3100807064308635,602.46321164236,0.9496260449680445
PANEL_2X4,PEBBLES_S,100,panel,pebbles,-0.623036339105657,16836.65554768176,0.0041516323281432016,759.4205540959102,0.9402477953619012,883.3324145267434,1.9666644504401471,1359.2276662021068,0.9402477953619012
OXYGEN_SHAKE_MORNING_BREATH,PEBBLES_M,5,oxygen_shake,pebbles,-0.8138433428288929,18353.06299334476,0.0009700760555464034,609.5911099936873,0.9400211829730883,1094.7466101778718,2.3140751896549214,1822.9866928381944,0.9400211829730883
OXYGEN_SHAKE_GARLIC,PEBBLES_S,20,oxygen_shake,pebbles,-1.0112450440377352,20960.311151434107,0.004524061467368716,756.2426135660903,2.55838176409216,2856.225789627093,0.9388838266809837,1209.1136638194184,0.9388838266809837
TRANSLATOR_ECLIPSE_CHARCOAL,PANEL_1X2,20,translator,panel,-0.3559039252245703,12989.08737985738,0.016638874881727574,982.0819488167242,1.999476463806875,941.3282179431881,0.9385023628965946,400.2741839261944,0.9385023628965946
TRANSLATOR_ECLIPSE_CHARCOAL,PANEL_1X2,1,translator,panel,-0.35426865053127826,12974.769710486617,0.012735137691199761,972.6159515324514,2.002912657898107,937.9082386853624,0.935820926316091,401.09570200590315,0.935820926316091
OXYGEN_SHAKE_MORNING_BREATH,PEBBLES_M,1,oxygen_shake,pebbles,-0.813961727499422,18354.328611592795,0.0008848889489591234,615.8888053680149,0.9306974719056399,1087.0423417524125,2.672747830585467,2197.1167585604,0.9306974719056399
TRANSLATOR_ECLIPSE_CHARCOAL,PANEL_1X2,100,translator,panel,-0.362584721665881,13047.433376159097,0.015572380796151756,938.6070773858324,2.3873366876475886,903.6451867140368,0.9284889179172584,392.6238598117943,0.9284889179172584
TRANSLATOR_ECLIPSE_CHARCOAL,SLEEP_POD_LAMB_WOOL,20,translator,sleep_pod,-0.5339680362694506,15527.804897537919,0.008034281627515951,816.9270793599808,1.6671608075676816,1243.492655199485,0.9183169878563904,385.7853789740948,0.9183169878563904
UV_VISOR_AMBER,PEBBLES_XS,100,uv_visor,pebbles,0.6548059629079153,3053.6166388613683,0.004891529240241269,706.2823903728671,1.9279278400246174,1857.0754444166714,0.9095845376350177,675.0682285703388,0.9095845376350177
PANEL_2X4,OXYGEN_SHAKE_GARLIC,100,panel,oxygen_shake,0.5528804744003539,4679.627400194718,0.014459270167014909,919.675346109636,0.9071816704905086,884.2605264107333,2.1460804637050095,930.8207157367233,0.9071816704905086
SNACKPACK_PISTACHIO,ROBOT_IRONING,100,snackpack,robot,0.18627763607876166,7872.729885405478,0.0013092103748520833,609.0783152503303,1.7998869653202132,729.7742613032351,0.9040180024947843,276.73004357721766,0.9040180024947843
TRANSLATOR_VOID_BLUE,PEBBLES_XL,100,translator,pebbles,0.26320963933127783,7382.80711912763,0.011731141867650447,889.5703858149396,0.8945990078965577,1095.1199327504182,2.569327241148902,2106.1482150643533,0.8945990078965577
SLEEP_POD_POLYESTER,SNACKPACK_STRAWBERRY,100,sleep_pod,snackpack,2.321531567565331,-13007.664098057976,0.0016567547774376024,633.7748300328939,1.7217275384860182,2585.882736646541,0.8940355321602308,1251.918940539199,0.8940355321602308
PEBBLES_XL,ROBOT_DISHES,5,pebbles,robot,2.5614599343393354,-12434.873479647302,0.002122577982949305,464.7459054902153,0.8749365972666204,1485.2627606698588,0.8790033821206433,3903.8389736441677,0.8749365972666204
SNACKPACK_PISTACHIO,TRANSLATOR_ASTRO_BLACK,100,snackpack,translator,0.24086548528332574,7233.30954024455,0.007252802434903431,844.1476282881829,1.3234263359046035,358.80067238023,0.8619427450913764,365.9188638554406,0.8619427450913764
PEBBLES_XL,ROBOT_DISHES,100,pebbles,robot,2.580310373321849,-12603.173905101849,0.0010347933828370583,440.7503797684629,0.8589540479642582,1419.3186713737523,1.101498656160148,5093.652665515834,0.8589540479642582
SNACKPACK_PISTACHIO,ROBOT_IRONING,1,snackpack,robot,0.18846606701423435,7855.870910333828,0.0011351403891325103,606.1546966406082,1.6532433995398024,677.9672444379339,0.8530265244010755,271.07669664928653,0.8530265244010755
PEBBLES_XS,UV_VISOR_AMBER,5,pebbles,uv_visor,1.3931194919566812,-3617.915393109361,0.0017737237092950407,672.9126711029958,0.849904532575322,1195.125061558194,0.9556847222160856,1045.3430456221213,0.849904532575322
SNACKPACK_PISTACHIO,ROBOT_IRONING,20,snackpack,robot,0.18803133380017967,7859.236047065387,0.0009773183816059404,608.4337075631258,1.6558106074576682,682.1801072642302,0.8460514397317823,269.31638630928865,0.8460514397317823
MICROCHIP_CIRCLE,OXYGEN_SHAKE_CHOCOLATE,5,microchip,oxygen_shake,0.7885667589069544,1678.6708134586934,0.004585253251490808,760.1783417912841,0.8392858687454692,615.3053897440368,1.5165281676769833,1409.3754174161222,0.8392858687454692
PEBBLES_XS,UV_VISOR_AMBER,20,pebbles,uv_visor,1.3923024535988002,-3613.2535598475874,0.0033354865069474817,673.7053079323557,0.8380185377330231,1175.0256474513099,0.9250563250825681,1019.4979900136204,0.8380185377330231
SNACKPACK_PISTACHIO,ROBOT_IRONING,5,snackpack,robot,0.18837029032400815,7856.615093226784,0.0011588294761280412,610.8442127234099,1.6758907989102998,690.11397161473,0.8313216236426004,263.3140796773205,0.8313216236426004
PEBBLES_XS,UV_VISOR_AMBER,100,pebbles,uv_visor,1.388561655273618,-3593.107091220367,0.0020791766963185595,661.1817199441741,0.8307715226746852,1157.8002085791522,0.9927489000813043,1045.8507508739822,0.8307715226746852
PEBBLES_XL,ROBOT_DISHES,1,pebbles,robot,2.5606967263658706,-12428.06846030326,0.003118294748458553,468.2106078677808,0.825954678035594,1433.6439950600834,0.9041420692153763,4016.2599382339613,0.825954678035594
PEBBLES_XS,UV_VISOR_AMBER,1,pebbles,uv_visor,1.3933397217769254,-3619.163706808231,0.001951686245702962,677.5062680867704,0.8246799664782395,1165.7251316802067,0.9277585506140258,1022.9346191704972,0.8246799664782395
PEBBLES_XL,ROBOT_DISHES,20,pebbles,robot,2.564397695004785,-12461.145043671999,0.0018115927422866088,460.61105396693296,1.4115902331263845,2864.293708952686,0.8242741200729921,3847.877455403217,0.8242741200729921
MICROCHIP_CIRCLE,OXYGEN_SHAKE_CHOCOLATE,1,microchip,oxygen_shake,0.7881501389699975,1682.6338954266732,0.005912090524180773,747.771733819542,0.8025295548453409,603.3446385495736,1.502582672463372,1396.0051491953782,0.8025295548453409
MICROCHIP_CIRCLE,OXYGEN_SHAKE_CHOCOLATE,20,microchip,oxygen_shake,0.7901625693229987,1663.4791606526774,0.005884347256950849,750.6967913839893,0.7619855453487306,566.2147977816658,1.844752268990478,1792.6160071184077,0.7619855453487306
SNACKPACK_RASPBERRY,SNACKPACK_STRAWBERRY,5,snackpack,snackpack,-0.19197633744521,12133.23305747072,0.007248082322729632,497.0543384341133,0.7365856089010977,500.52771193638,0.9676712230048633,526.9084485603034,0.7365856089010977
MICROCHIP_CIRCLE,OXYGEN_SHAKE_CHOCOLATE,100,microchip,oxygen_shake,0.7981102802401778,1587.8057425343873,0.007245989362948163,703.6106746882689,0.72736968969988,533.322986931662,1.8023855715209183,1700.2998448527305,0.72736968969988
PANEL_2X4,PEBBLES_XS,1,panel,pebbles,-0.37192066232626,14019.370633428505,0.021952628083726257,947.8117764960439,2.0648308860075715,1887.781782351938,0.7244945330160537,631.1257847439647,0.7244945330160537
PANEL_2X4,PEBBLES_XS,5,panel,pebbles,-0.37175182323975836,14018.355830906234,0.02253137849637237,940.5564246590976,2.052295057943347,1889.762955269558,0.7227433205691719,637.6879932474258,0.7227433205691719
SNACKPACK_RASPBERRY,SNACKPACK_STRAWBERRY,1,snackpack,snackpack,-0.1929486662013301,12143.639236593228,0.009245814921467126,494.09992155593255,0.7201427774283753,489.5705537009453,0.968064667015197,519.5365541409956,0.7201427774283753
PANEL_2X4,PEBBLES_XS,100,panel,pebbles,-0.368433368145386,13999.24539348717,0.020042647282823668,968.2131285236969,1.6046829932878963,1530.4557737592277,0.7110656995947215,660.28869780684,0.7110656995947215
