product,group,n_obs,mid_mean,mid_std,mid_min,mid_max,ret_mean,ret_std,n_distinct_mids,spread_mean,spread_median,bid_depth_mean,ask_depth_mean,adf_p_mid,adf_stationary_mid,adf_p_ret,kpss_p_mid,kpss_stationary_mid,hurst,ou_half_life,vr_2,vr_z_2,vr_4,vr_z_4,vr_8,vr_z_8,vr_16,vr_z_16,vr_32,vr_z_32,jb_p,skew,kurt,arch_p,arch_5pct,acf_ret_1,acf_ret_5,acf_ret_20,acf_sqret_1,acf_sqret_5,fft_top_period,fft_top_power,mod_K_best,mod_K_best_R2,mod_K_R2_10,mod_K_R2_50,mod_K_R2_100,mod_K_R2_200,mod_K_R2_500,mod_K_R2_1000,mod_K_R2_2000,mod_K_R2_5000,mod_K_R2_10000
GALAXY_SOUNDS_BLACK_HOLES,galaxy_sounds,30000,11466.872083333334,958.4287014930529,9608.5,14137.0,0.11525384179472649,11.47914127236346,6557,14.512766666666666,14.0,49.56796666666666,49.567233333333334,0.8857703583691867,False,0.0,0.01,False,1.5026839835236387,17831.888219981774,0.9833160677633346,-2.8896936676288774,0.9794757306734425,-1.9001464376681731,0.9900723831849212,-0.5812920299997181,1.0183559700196994,0.7222871243679698,1.0332625706425984,0.9031891170930163,0.0002928556986444113,0.007331949816789516,3.113149162078806,2.7821305003391345e-11,True,-0.016709317705467956,0.006780639839122318,0.002191375980826751,0.02496664132231407,0.010517522573130727,30000.0,0.4262546519867782,10000,0.15113058373112753,3.81249492531488e-07,1.9303651580537817e-06,1.8777467260422398e-05,0.00011449334018720503,0.0006187688522563128,0.0020104334733606066,0.01514942490622495,0.06085260339399656,0.15113058373112753
GALAXY_SOUNDS_DARK_MATTER,galaxy_sounds,30000,10226.661816666667,330.6950046347335,9541.0,11186.0,0.008816960565352179,10.245315814898172,2907,13.050833333333333,13.0,49.56796666666666,49.567233333333334,0.07051280404961305,False,0.0,0.01,False,1.4213114437999295,1421.4579267034321,0.9879710417823716,-2.0834419546048526,0.9852624776410961,-1.3644067013918542,0.9907952776114434,-0.5389643720636956,0.9749493539065391,-0.9857152256724985,0.987245002595275,-0.3463404848735203,0.4228628078640214,-0.01815228336064583,2.9923086857272643,0.6377133092125392,False,-0.012037306471814007,0.0019232400174062417,0.002080551307493173,-0.006927680583534167,-0.005600962973122384,10000.0,0.23641413312791193,10000,0.18746298754844448,2.184341956201763e-07,3.868095695191975e-06,1.675707835124829e-05,8.643915404837887e-05,0.0008757602004130227,0.0018763429756565309,0.019545407224919376,0.03738526096766448,0.18746298754844448
GALAXY_SOUNDS_PLANETARY_RINGS,galaxy_sounds,30000,10766.673183333334,765.8239294266882,9253.0,12182.0,-0.011717057235241175,10.878677887021247,5173,13.690033333333334,14.0,49.56796666666666,49.567233333333334,0.740895436872024,False,0.0,0.01,False,1.5348438548621264,8445.649591304162,0.9960147860876718,-0.6902477931007822,1.0019756034717093,0.18290229188115043,1.0124081837368928,0.7265367355912232,1.0355898531325647,1.4004213696258567,1.0609180772509552,1.6541278483398751,0.02260904315214359,0.017589173571914692,3.069467506805719,0.008920226602287558,True,-0.003999640117367717,0.0020686824661766065,-0.0037944996447129365,0.007072976751352218,0.0013963795543865444,30000.0,0.5855831196909689,10000,0.04045093845084757,4.46507401052898e-08,9.529075485348315e-07,3.3736179391175014e-06,1.617686923049977e-05,0.00019176508324669772,0.00041432135267915893,0.0025742201961506117,0.011350210602942168,0.04045093845084757
GALAXY_SOUNDS_SOLAR_FLAMES,galaxy_sounds,30000,11092.5717,450.1429281081474,9837.5,12210.0,0.027434247808260277,11.09408025364688,3730,14.071533333333333,14.0,49.56796666666666,49.567233333333334,0.06393281964601961,False,0.0,0.01,False,1.511641631332374,1750.4187230092493,0.9877953431542948,-2.113873342467284,0.9806670000566032,-1.7898581619346723,0.9862659100355925,-0.8041725606777276,0.9951307467550325,-0.1915997313327793,0.9687833751627026,-0.8476349025566483,0.887275422873284,0.005214516015263385,3.009088531490975,0.15798246225826068,False,-0.01213119705823047,-0.0007156407408589982,0.006334150939029106,0.008317152563674176,0.0038416807339163137,30000.0,0.2850344208284555,10000,0.18057205614351002,1.1960707679836702e-07,5.964585918949439e-06,1.8272734410462732e-05,3.949386172130698e-05,0.0004114667840716679,0.0019799787827295967,0.01722881749674432,0.04943910556428932,0.18057205614351002
GALAXY_SOUNDS_SOLAR_WINDS,galaxy_sounds,30000,10437.543966666666,541.1017370762473,9320.0,11613.5,0.008250275009166972,10.538922742148902,4204,13.301266666666667,14.0,49.56796666666666,49.567233333333334,0.3977943877320803,False,0.0,0.01,False,1.5044248189637504,3491.4171854579017,0.9921981298297706,-1.3513010306424305,0.9865481472181173,-1.245378811632378,0.9749249454990894,-1.468220380046185,0.9893404572586496,-0.4194412207834683,1.0150770475268032,0.4093918473836582,0.2133874714888053,0.0011266539454039533,3.0496632462573365,0.45911994219413366,False,-0.007834565297465715,0.004255759643177387,-0.007724711301292897,0.014768406474671368,0.006186159111780255,30000.0,0.600076456349141,10000,0.12306910916121827,1.19710378498894e-07,1.5996121411898656e-06,7.481039125623035e-06,3.654403912434212e-05,0.0008758638031106658,0.0017478006168847315,0.0031751815133571615,0.0793719364594836,0.12306910916121827
MICROCHIP_CIRCLE,microchip,30000,9214.885283333333,532.5033334466115,8303.5,10731.5,0.012950431681056035,9.234127801934074,4018,8.262166666666667,8.0,16.026166666666665,16.029566666666668,0.7488779235375683,False,0.0,0.01,False,1.4983484819205934,6561.163843974155,0.9949442033509341,-0.8756750719424472,1.00483295055404,0.44743681894696785,1.000349113483221,0.02044165172184702,0.9945341619873443,-0.21507468230692034,0.9766255371194679,-0.6346941948183144,0.013468001469262341,-0.02268143200379435,3.069529433885901,0.005041715608805164,True,-0.0049624950315304665,0.0007718071542983553,-0.0036594573734602307,0.0044084230591932335,0.01195279898819744,30000.0,0.49678033028754326,10000,0.10700124318628845,1.0136482375688871e-07,3.2491064978490414e-06,1.1058560571042264e-05,1.529084410223369e-05,0.0002988106630509302,0.0006278239614646575,0.0012841555131323235,0.006891723227381741,0.10700124318628845
MICROCHIP_OVAL,microchip,30000,8179.598716666666,1551.88575584567,5375.0,10433.0,-0.14937164572152406,12.477589719039917,7522,7.449766666666667,8.0,16.026166666666665,16.029566666666668,0.9458394940477014,False,0.0,0.01,False,1.4953130849667389,110602.03894433078,0.9928252438561389,-1.2426835053988814,0.9905974138313304,-0.8704958178534249,0.981141471318622,-1.1042239667586453,0.9578470119222452,-1.658673472964057,0.9224822320018053,-2.1048645094088676,6.286649068246801e-47,-0.005864079662457609,3.4124088240110724,1.7989233481006317e-115,True,-0.007204031173708422,-0.011970598894909206,0.0035601827409906623,0.06907736894995146,0.05621879278300242,30000.0,0.8548007464037126,10000,0.060354557288929356,1.464651684379703e-07,2.7759243678149303e-06,1.2855420559398922e-05,5.6540761536050255e-05,0.00019402172513438565,0.0005818522796329217,0.002372913050708414,0.01716767415391529,0.060354557288929356
MICROCHIP_RECTANGLE,microchip,30000,8732.43935,752.0067564057592,7327.5,10442.5,-0.04093469782326078,13.129868145604247,5033,7.885766666666667,8.0,16.026166666666665,16.029566666666668,0.29479653101129766,False,0.0,0.01,False,1.457696516503365,3470.165944692839,0.9973379916021903,-0.4610656948977821,1.0016005714144438,0.14818164890545352,1.0136531706786096,0.7994344914327358,1.0177590079840275,0.6987973283158122,0.9899459970517219,-0.27299952681578105,0.005903444510647072,0.005776382718795699,3.08987968731102,3.7145649708562923e-16,True,-0.0026918912417257844,-0.005316203604836323,-0.0021177362390884143,0.016565531625995344,0.017453720657595526,30000.0,0.5961060774187767,10000,0.12007387719596574,7.834433390918605e-08,4.168036267793163e-06,1.4029329077014374e-05,3.6943451039550546e-05,0.00017505697534925257,0.0009149636290204377,0.002794962549742208,0.01152288722973438,0.12007387719596574
MICROCHIP_SQUARE,microchip,30000,13594.7483,1830.2218099537674,9756.0,16498.0,0.12110403680122671,20.706669855556854,8725,11.7188,12.0,16.026166666666665,16.029566666666668,0.30174371342007683,False,0.0,0.01,False,1.5188536812806355,5402.694318388953,0.9761756633159788,-4.126427383826048,0.9583346572274216,-3.857396888721169,0.9669619739802835,-1.9344764780823236,0.9648118771558909,-1.3846137269619878,0.946694851230144,-1.447411589779556,9.508713969240951e-18,-0.005184529740118442,3.2502108908427827,5.890158013643688e-37,True,-0.02383549171174648,0.007353618937846555,0.000843396627175747,0.03607089976256802,0.018967395348094315,30000.0,0.7431225252823179,10000,0.06863816705197245,9.935258793447588e-08,1.914113558987296e-06,4.806814501545631e-06,1.0196165507569965e-05,0.00022510046809010031,0.0006239971792495469,0.000877541699506712,0.024502030397299368,0.06863816705197245
MICROCHIP_TRIANGLE,microchip,30000,9686.391083333334,833.3557064936275,7749.0,10872.0,-0.06861895396513217,14.50357754905663,5145,8.635433333333333,9.0,16.026166666666665,16.029566666666668,0.8180933651504133,False,0.0,0.01,False,1.4482506503136796,8584.188810550102,0.9931703785678045,-1.1829054161192254,0.9806245403002016,-1.7937891060081048,0.9637166153262152,-2.124502055745146,0.9634206400892436,-1.4393573672656288,0.9716700320533462,-0.7692525936117135,0.008093126822242478,0.01794618379387667,3.0801172830236165,2.0111114775401307e-14,True,-0.006855116921524014,0.0055912008146336584,-0.0004410879621095525,0.02866903431760077,0.010056134685600623,30000.0,0.5530335296020261,10000,0.05734574165104678,1.0998851995847048e-07,1.6944352652092931e-06,4.56991976205412e-06,3.2271577205644775e-05,0.00033512147852476915,0.0013764258225285042,0.003620514510056849,0.02937056219682932,0.05734574165104678
OXYGEN_SHAKE_CHOCOLATE,oxygen_shake,30000,9556.879133333334,560.5922548441504,8760.0,11200.0,0.02380079335977866,10.89015626110255,3512,12.185466666666667,12.0,49.56796666666666,49.567233333333334,0.803506663481748,False,0.0,0.01,False,1.4959332303592967,5410.530330423551,0.9109437285441843,-15.424741603957994,0.8544748454388053,-13.472786759466322,0.8143027851278509,-10.873134308968435,0.7947201767601396,-8.07753406981825,0.7797026593592936,-5.981803473012508,0.0,-0.12562555593369135,18.841137881932852,0.0,True,-0.08906944927199589,0.012906983641407393,-0.004931104358789713,0.24866831736392117,0.08717044419937815,30000.0,0.5498983383104372,10000,0.18556689211932642,2.327284164271859e-07,1.0374120212874871e-06,4.394710621080655e-06,2.866941658075106e-05,0.00023984174583080442,0.00035842855610468405,0.0046435882760818,0.006108270442982899,0.18556689211932642
OXYGEN_SHAKE_EVENING_BREATH,oxygen_shake,30000,9271.895,399.8148312344103,8277.5,10300.0,-0.019333977799259976,10.982764386993615,453,11.860466666666667,12.0,49.56796666666666,49.567233333333334,0.13669662391988935,False,0.0,0.01,False,1.5031363135779736,1610.619160895261,0.877327841231744,-21.247087039107015,0.812337420555906,-17.373889230390724,0.768925907807155,-13.530087898548144,0.7342592486985775,-10.45660473834398,0.6988811971147342,-8.17637423878925,0.0,0.012126736605316239,17.19817982794901,0.0,True,-0.12269162300673221,-0.012830565987838962,-0.0012620117488768132,0.25016705070932305,0.05144604123121247,30000.0,0.40984891880654484,10000,0.3042622918535577,6.849166178657384e-08,5.876454350128846e-06,8.892088418477329e-06,3.966442776015544e-05,0.0004231834993384531,0.0012341518361355108,0.018683694898500858,0.01430348085274924,0.3042622918535577
OXYGEN_SHAKE_GARLIC,oxygen_shake,30000,11925.639766666667,953.3331799438985,9616.0,14126.0,0.12953765125504182,12.014068773089472,6343,15.0546,15.0,49.56796666666666,49.567233333333334,0.7317599574522181,False,0.0,0.01,False,1.5010695131468894,9008.442800717949,0.9965355580943323,-0.6000489389830512,1.0048091846605036,0.44523656142633095,1.0082852497217984,0.48512646283080646,0.9987839448513222,-0.04785042552743112,0.9810257160205378,-0.5152147432927301,0.14489937247239376,0.015276071999663392,3.0464479788796495,0.0001176716924835125,True,-0.003493798871937753,-0.004128518105037801,-0.004734106533692769,0.012369791316376635,0.0075160345682970505,30000.0,0.4333975759348715,10000,0.21793044244411042,3.7819557874296805e-07,6.916075689922252e-06,2.571922614880151e-05,5.6913179044659756e-05,0.00032018091872210164,0.0026651264802136643,0.006514564171218762,0.07271131739639003,0.21793044244411042
OXYGEN_SHAKE_MINT,oxygen_shake,30000,9838.394083333333,508.12265409707896,8422.5,10817.0,0.005166838894629821,9.883082977946238,3973,12.593566666666666,13.0,49.56796666666666,49.567233333333334,0.4384944878218989,False,0.0,0.01,False,1.5189980208525034,3759.277242503082,0.9968891602260412,-0.5388042739745249,1.002642407277019,0.24463529952802132,1.0084200967318155,0.49302216364725715,1.016822101658791,0.661931100340338,1.0358405286553447,0.9731892276212537,0.5591922568894396,0.008374457510498836,2.974514240384765,0.5620843624997585,False,-0.003122275343412592,0.0018094755571739709,0.005811615247947375,0.007320892921307323,0.0022387064723116286,30000.0,0.5211549960519427,10000,0.1310495501400445,1.2053666198497126e-07,1.4545000130983254e-06,1.4101261711862989e-05,3.085780818956607e-05,0.00026926002051474995,0.0005761686993067672,0.005259040830338346,0.01564860303929294,0.1310495501400445
OXYGEN_SHAKE_MORNING_BREATH,oxygen_shake,30000,10000.45335,652.7942096981591,8631.5,11377.5,-0.01498383279442648,10.100322653732187,4735,12.7829,13.0,49.56796666666666,49.567233333333334,0.6740311301982755,False,0.0,0.01,False,1.5262250308267438,6200.785649936335,0.9948026267734319,-0.9001964457822258,0.9880087757267864,-1.1101531422872213,0.9678489239311222,-1.8825428723605468,0.9304969031250672,-2.734870013548099,0.9190123883026088,-2.199082274499897,0.023334133650240348,0.020341376018590374,3.066012536342873,1.3412314589720427e-06,True,-0.005218903361274565,0.00392059759380238,-0.004898877373424799,0.00019563432501252764,0.020889669217553856,30000.0,0.49843748798162957,10000,0.14356755888006856,5.595244700895563e-08,1.679753103278614e-06,3.948587133484338e-06,1.8929004489853796e-05,0.00010641764622709715,0.00017916871597867257,0.002014593685516708,0.03392270718295487,0.14356755888006856
PANEL_1X2,panel,30000,8922.729016666666,589.9067764427131,7667.0,10203.0,-0.010133671122370746,9.053907798312652,4336,11.509766666666666,12.0,49.56796666666666,49.567233333333334,0.4657787444405881,False,0.0,0.01,False,1.5187871289833799,4788.902387209489,0.9976195567112222,-0.4122980002648247,0.9966667433296816,-0.30859445893860005,1.0119009989209868,0.6968395286265866,1.013774893171837,0.5420268156291731,1.0105200693606318,0.28565477574417714,0.06305326658166638,-0.020873675200419002,3.051762407154469,3.21394880837132e-05,True,-0.0023666852059884076,0.011061788502061045,0.0053828501779895664,0.006153922871030611,-0.0017248344465401672,30000.0,0.6553018517948365,10000,0.06595050931636459,1.156039686200927e-08,1.15172055481505e-06,3.559764613747518e-06,2.0172492795067498e-05,0.00011268207534242958,0.0003408781365960012,0.0022747275934255073,0.018312956971414995,0.06595050931636459
PANEL_1X4,panel,30000,9397.580616666666,834.019582489496,7899.0,11226.0,-0.0257508583619454,9.483919376482586,5556,8.376633333333332,8.0,29.547,29.546266666666668,0.7124189012854851,False,0.0,0.01,False,1.5302459557896575,9540.004598002073,0.9983747304502483,-0.28150025182829996,0.991131916375848,-0.821011322706234,0.9814767778508783,-1.0845907538296973,0.9856062727997482,-0.5663772504122433,0.9965997015855967,-0.0923293799434905,1.7669844396434473e-06,-0.010810215916552292,3.143969584600476,3.0998875149081865e-15,True,-0.0016563276564924426,-0.004633540909553863,-0.0023747312437611377,0.020044280170282182,0.010963523798741333,30000.0,0.5921942407225653,10000,0.08939580524735802,8.956947517013703e-08,6.475927694093997e-07,4.510557314874042e-06,1.1412746542593943e-05,7.195617629895956e-05,0.0005128129273554993,0.0032976005364975247,0.01751189730028091,0.08939580524735802
PANEL_2X2,panel,30000,9576.598433333333,674.7834961508362,8336.0,10865.5,-0.02023400780026001,9.596667501420129,4423,8.515466666666667,9.0,29.547,29.546266666666668,0.640711851453785,False,0.0,0.01,False,1.487838765634912,6510.796907533027,0.9887381921527435,-1.9505698273427317,0.9761535707015436,-2.2077135590857067,0.9721720107380668,-1.6294130474808306,0.9700506821396531,-1.1784725433151788,0.9820096883054822,-0.48849663215117023,0.7030691092830653,0.0038288180054737732,3.0224735297164806,0.028911210361490282,True,-0.011188878203839604,-0.0010905940805247501,0.002222659076287369,-0.0021940250987557783,-0.0029649929314116484,30000.0,0.49915591461635817,10000,0.0401627508721345,2.1479225364995358e-07,2.3521089324018973e-06,3.4105044663945705e-06,1.582408092015708e-05,0.00014572014667357802,0.000307975704869623,0.002036889623193594,0.009731603539076317,0.0401627508721345
PANEL_2X4,panel,30000,11265.372983333333,627.1805533165334,9982.5,12663.0,0.07845261508716957,11.28901686547915,4673,9.8405,10.0,29.547,29.546266666666668,0.41625567893912424,False,0.0,0.01,False,1.459413744370093,3857.300967545698,1.0000815682685544,0.014127803072898739,0.9882159326592517,-1.0909744567516104,0.9805835754383616,-1.1368904601181031,0.9718154511150525,-1.1090308354104959,0.9758555479529692,-0.6556019545622482,0.8747141617274407,-0.007291594476697579,3.001229116990063,0.06418972663225674,False,5.5110815790698326e-05,-0.0016560653364627255,0.0007603284142089274,0.002531984660875219,0.0136922292701154,30000.0,0.27617638081066187,10000,0.320475325742139,1.8476374330500533e-07,3.2523514110760487e-06,2.0006559033669546e-05,5.07842546355608e-05,0.0005130123780749951,0.0033955983482423235,0.004744497193490682,0.0425210983457891,0.320475325742139
PANEL_4X4,panel,30000,9878.719266666667,457.0299422417116,8997.0,11214.0,-0.029050968365612186,9.956623534835632,3841,8.750466666666666,9.0,29.547,29.546266666666668,0.5141557415478634,False,0.0,0.01,False,1.5109843933854188,3580.3970506692963,0.9943538191929432,-0.9779309033983921,0.994203562507943,-0.5366368895503975,0.9948110930878289,-0.30382621414982247,0.9922538474851433,-0.30480253666066814,0.9932027307245721,-0.1845684057760373,0.9461457404012885,0.0031631079304501146,3.00696819954668,0.38763630002796257,False,-0.005666425512664799,-0.0012857150540712193,-0.0004083079201750942,0.004327978501897752,-0.002092642232862356,15000.0,0.4638898199677917,10000,0.22074407348286784,6.675908670317199e-08,2.0191739068531334e-06,5.685553908785224e-06,1.3746895881627808e-05,0.00021816919228878628,0.0006255463404960526,0.006280928360879678,0.025733305949210417,0.22074407348286784
PEBBLES_L,pebbles,30000,10174.110583333333,622.3212764424763,8632.5,11733.5,-0.029134304476815896,15.025753791291008,4827,13.0205,13.0,37.605666666666664,37.613533333333336,0.39986258227923444,False,0.0,0.01,False,1.4804030483125559,2822.7838442724587,1.0069102132903323,1.1968641027655642,1.0102146478983018,0.9456768719594874,1.0131508302926102,0.7700209405103327,0.9893389738176704,-0.4194995925457812,0.9731394804162278,-0.729352196743858,0.7100742756418091,-0.0077613697484956315,2.982482010930778,0.06824072616904979,False,0.006970521117453505,-0.008781592206213957,-0.002386590226359856,-0.0011646586360396093,0.00023665592125077025,30000.0,0.4054894425382854,10000,0.2364075540351367,1.7637337523801477e-07,5.54658201989966e-06,9.382274166691573e-06,3.0257230630659215e-05,0.0010625021766756948,0.00364519220419135,0.006013750556629338,0.02238344712119389,0.2364075540351367
PEBBLES_M,pebbles,30000,10263.243183333334,687.8057667952969,8388.5,11505.0,0.023400780026000868,15.132905732749343,5096,13.1209,13.0,37.605666666666664,37.613533333333336,0.3457153750214976,False,0.0,0.01,False,1.4669850246375205,2915.810782660636,0.9952507136163193,-0.822586821499884,0.9966769842138803,-0.3076463530977035,0.9990039137168626,-0.05832386849383269,1.0117551200016037,0.46255097461190037,0.9951379780163606,-0.1320200230425441,0.305975501809318,0.020955998665887612,2.9882421079580723,0.5167685079466747,False,-0.004764112640540851,0.010145459749155934,-0.010533731240569081,-0.007192818405813215,-0.0014550974845514613,30000.0,0.4759201558470606,10000,0.1346499845032061,9.259352706791901e-08,4.7916702118344645e-06,2.1292563737951298e-05,3.2690846458960365e-05,0.0004695678529580416,0.001027351044258995,0.0021059668527956266,0.06172654056838911,0.1346499845032061
PEBBLES_S,pebbles,30000,8932.356733333334,833.2682524201489,6784.5,10687.0,-0.06445214840494683,15.020204435262453,6202,11.551533333333333,12.0,37.605666666666664,37.613533333333336,0.46199190633276693,False,0.0,0.01,False,1.4618564713752806,4033.605079486745,1.0077395078361058,1.3404997375504166,1.0049938811192978,0.4623358458219768,0.9947093876885258,-0.3097813732906379,0.9902415275004686,-0.3839851030670794,1.017072819652089,0.4635836800932846,0.49796783841176206,0.00928452910807456,2.9722370945300614,0.0985466777701922,False,0.007714693679959609,-0.0011009629976977563,0.0016160451990857906,0.006655025893301003,-0.0047172349421645875,30000.0,0.519972673081801,10000,0.12216193417898724,3.2943025440879126e-07,5.457386212159854e-06,2.111816111882714e-05,0.00012895254820610713,0.00020332031332537248,0.0015208611815201722,0.0033404765797785396,0.04775000730607082,0.12216193417898724
PEBBLES_XL,pebbles,30000,13225.589316666666,1776.51631182985,9188.0,17240.0,0.20227340911363711,30.314132046266923,10051,16.630766666666666,17.0,37.605666666666664,37.613533333333336,0.46887901311773866,False,0.0,0.01,False,1.4701527722928398,4390.144798445617,1.0078424341909833,1.3583268080337199,1.0130560105284458,1.2087315509782202,1.0247717403748449,1.4504604193876953,1.0309181774988265,1.2165960988364946,1.0080349645920217,0.2181759387666739,0.5931854695927194,-0.0002819434740600683,2.9710983227470966,0.6483866268391966,False,0.00784230934762028,0.010328097459717123,-0.008548886240901245,-0.006809594585027248,-0.006686414074015588,15000.0,0.25646578711122675,10000,0.25162202179591886,1.9721250021920156e-07,5.502871319285063e-06,1.7344386595841144e-05,0.00010705157245427532,0.0005617008922538247,0.00278990581524885,0.0057172387750451525,0.040457294416422096,0.25162202179591886
PEBBLES_XS,pebbles,30000,7404.639766666666,1449.522679832438,5052.5,10496.0,-0.1320710690356345,15.051937079364373,8101,9.744866666666667,9.0,37.605666666666664,37.613533333333336,0.49949191317797154,False,0.0,0.01,False,1.4695912406932605,7490.501202298456,0.9844476650538543,-2.693698534207361,0.9877326141093562,-1.135720313777297,1.0010765793576477,0.06303698177716809,0.9859598626465165,-0.5524638809006419,0.9422416832266848,-1.5683298711874352,0.24623515982228078,-0.007744952733419355,2.9552508458093634,0.04757772784268003,True,-0.01554343418718898,0.013250948363871265,-0.003777537383902367,0.004913296177985368,-0.008675117911843567,30000.0,0.7319505038548042,10000,0.14647273001301342,7.760014530955317e-08,1.1401877763050905e-06,3.824279072750514e-06,2.1693793818666762e-05,0.00026453660943681623,0.0009957567659995004,0.0031034473650989325,0.02541911460579005,0.14647273001301342
ROBOT_DISHES,robot,30000,10018.3149,556.6298319541662,8855.0,11400.0,0.04000133337777926,17.77902658770192,3048,7.350266666666666,7.0,16.050666666666668,16.049933333333332,0.7993397482390271,False,0.0,0.01,False,1.4704185275680979,1592.9214115533925,0.7682589763613333,-40.13805372973228,0.6011131325665552,-36.929132439591015,0.4896146602974998,-29.884607325610887,0.4160608469831583,-22.977360018880145,0.36907848820367445,-17.131611663968478,0.0,0.05033191222926558,24.931454320789726,0.0,True,-0.2317521126687454,0.01013782633902059,-0.014399255469375769,0.26594511891391787,0.1173670777995523,30000.0,0.2405919861595457,10000,0.08910992948362473,3.0971500131204976e-07,1.2757051140344089e-05,3.087887641251008e-05,0.00010839521549943498,0.00029963365509166895,0.0006209659840168413,0.002862854110968649,0.04533822284510869,0.08910992948362473
ROBOT_IRONING,robot,30000,8701.570266666668,771.0168777201069,7458.5,10102.0,-0.07233574452481749,10.443359285829368,631,6.392933333333334,6.0,16.050666666666668,16.049933333333332,0.5992218881475694,False,0.0,0.01,False,1.5224696275581329,5888.512882416621,0.8746751524086676,-21.70653856321402,0.8007006933884815,-18.451222865098334,0.7615008139074444,-13.964849633040716,0.7456607431190103,-10.007968539352916,0.7274316136202396,-7.401135735628543,0.0,-0.007696553563228876,17.832256017824474,0.0,True,-0.1252815478964927,0.015244526317583166,-0.017701829763204904,0.2334871868542691,0.1490198832059281,30000.0,0.5834898107795892,10000,0.16870186459246306,1.2476776711789483e-07,2.5461770368773173e-06,1.2602908701198068e-05,5.78289947071875e-05,0.0004983905289110968,0.001294968889683834,0.0067315620051384695,0.021482559393314005,0.16870186459246306
ROBOT_LAUNDRY,robot,30000,9822.7617,614.3120814481106,8553.0,10859.0,-0.024850828360945366,9.82244318571436,3912,7.165066666666666,7.0,16.050666666666668,16.049933333333332,0.6538496884939334,False,0.0,0.01,False,1.4688218903882588,6029.441448257012,1.0056983946078202,0.9869744482467194,1.0104734202824783,0.9696341401153679,1.0105805966485468,0.6195259767782618,1.0277283810496294,1.0910811354683259,1.0582826820825884,1.5825681285309636,0.330527432985622,0.016719286673404783,2.97444171664955,0.006843986126431787,True,0.005681242619406487,-9.345525841895086e-05,-0.0004302780992816755,0.014854481047967891,0.0059871596610164505,30000.0,0.6749019079304936,10000,0.02794430025253869,2.6129070240799024e-08,1.0295574212060288e-06,6.3819497519990165e-06,1.942226035345218e-05,0.00030166534329245653,0.000817498793551974,0.0018385852480498066,0.01463023547997544,0.02794430025253869
ROBOT_MOPPING,robot,30000,11100.213233333334,767.1479528519117,9593.0,12389.5,0.05291843061435381,11.145347999312577,4826,7.970666666666666,8.0,16.050666666666668,16.049933333333332,0.5023083839197707,False,0.0,0.01,False,1.4817502373427212,5207.739762734044,0.9889949615990123,-1.9060967959015567,0.9668165132473685,-3.0721426979538493,0.9516878797066194,-2.8288209549218837,0.9353260350908317,-2.5448490101904886,0.9400607446680616,-1.6275495867158063,0.1500113056217637,0.008624506265341914,3.052324412398658,0.03532850498096722,True,-0.011018941274262792,-0.002200405390397611,-0.0049704979204382655,0.0033692471286875347,0.0029006583834648336,30000.0,0.4656658569503809,10000,0.1727073278832475,1.0009079842721036e-07,3.865969905203492e-06,7.082615064546438e-06,1.6519106938561734e-05,0.00020546820033617852,0.0032619572365297778,0.004967297124002679,0.021580225825903576,0.1727073278832475
ROBOT_VACUUMING,robot,30000,9166.775783333333,535.2497315912947,8242.5,10303.0,-0.057501916730557684,9.235727922699438,3611,6.7533,7.0,16.050666666666668,16.049933333333332,0.565211044541138,False,0.0,0.01,False,1.4526262690486653,4846.848879837689,0.9920769082414519,-1.3722968756971552,0.9980420826739733,-0.18126490025564287,1.004210071024965,0.24651240858005558,0.9850941925146843,-0.5865270434303942,0.9775105794349919,-0.6106623604740271,0.08130888017827385,-0.008834079290228333,3.060853677642461,0.22056691104816462,False,-0.007952420574918568,-0.003076197032306964,-0.0017421911851970289,0.008603143794016941,0.0015106850999571859,30000.0,0.6758722380487268,10000,0.0712222285376668,2.0374324904981478e-07,2.130559424662337e-06,2.7975847277761368e-05,6.44308349557754e-05,0.0004704408134229565,0.0007750411258622414,0.0038903043143235783,0.037973927761954296,0.0712222285376668
SLEEP_POD_COTTON,sleep_pod,30000,11527.613966666666,887.6780962309848,9838.5,13529.5,0.04713490449681656,11.676046964216603,6142,10.0502,10.0,29.547,29.546266666666668,0.38768088124727657,False,0.0,0.01,False,1.5263664916143873,5111.677611517875,0.9967022252310668,-0.5711818252360199,0.989488789886434,-0.9731327403227077,0.981921319136176,-1.058561515296146,0.9906399238478379,-0.3683086472986664,1.0049080888892072,0.13327089232183403,0.0036324441040801164,-0.01947507441348619,3.0864392550614133,1.2402643470051273e-07,True,-0.003241555360539071,0.009069696645193717,-0.007561605642369753,0.013291135985868787,0.010110446550439007,30000.0,0.6545766473659554,10000,0.05107418186957213,1.1603216454325604e-07,1.6471057874278827e-06,4.424735391195256e-06,1.365253473895045e-05,0.0003158653191128735,0.0007882846857543147,0.004268019759360309,0.010507109560959127,0.05107418186957213
SLEEP_POD_LAMB_WOOL,sleep_pod,30000,10701.441716666666,413.16216303212764,9813.5,12036.0,0.026934231141038035,10.712015814688431,3428,9.4001,10.0,29.547,29.546266666666668,0.10177393451212308,False,0.0,0.01,False,1.4855884720759158,1809.3264683102025,1.0035863398389897,0.621161928476223,1.0153708974068443,1.4230448590725524,1.0365384826108297,2.139438812515246,1.0546115815024242,2.148905348954097,1.0788129864480882,2.1400339862593363,0.15009195825571922,0.0033037359769092865,3.0546886995009044,0.15795356216059947,False,0.003589354962470329,0.0017025287843900109,0.01585768148914256,0.00362183465780611,0.003571513317152316,30000.0,0.3364349117854808,10000,0.19588683777675853,5.618820989594653e-07,1.1219970965092863e-05,4.0260228795552244e-05,0.00010833004323906881,0.0007984990454769081,0.0027829664922932595,0.013116561216694245,0.10587764125413357,0.19588683777675853
SLEEP_POD_NYLON,sleep_pod,30000,9636.472566666667,508.72005639717565,8546.0,11023.0,0.024484149471649053,9.620798348981726,4004,8.564666666666668,9.0,29.547,29.546266666666668,0.7515775201192902,False,0.0,0.01,False,1.4708732926103796,6318.145755234522,0.9999639115115716,-0.00625060537327406,0.9994645448308942,-0.04957268957637749,0.9895216546940873,-0.6135388510020449,0.9899226356613449,-0.39653314434290865,0.9902495292687016,-0.26475762037960066,0.10462337129746463,-0.0059021511394488965,3.058928771864973,0.00674829294842642,True,6.7768615846119735e-06,-0.006376137620792307,0.005532263568955039,0.0004083379512134308,0.006965230782415906,30000.0,0.6376629419666752,10000,0.07892251371882575,1.683712331779219e-07,1.8811776837379668e-06,4.557141868088976e-06,3.601552688592413e-05,0.0003163251273974321,0.0011026025566415187,0.00263942168153819,0.015713390193369037,0.07892251371882575
SLEEP_POD_POLYESTER,sleep_pod,30000,11840.56095,977.5232461311415,9686.5,13437.0,0.0656521884062802,11.89072374770375,5979,10.2957,11.0,29.547,29.546266666666668,0.3364465936156611,False,0.0,0.01,False,1.4695113896575631,5219.9180869934235,0.9983140433660272,-0.29201138796172027,1.0006220667919137,0.057591234057573264,1.000152622407531,0.00893650417312516,0.9986368806169198,-0.05363724054455426,0.9849593379435833,-0.4084038611805942,0.0885867523021562,0.016160877397623154,3.0532303500581723,0.007069454043481509,True,-0.001716593379343576,0.004720215402510504,-0.0037974415436309228,0.009660450095922545,-0.004691085041146157,30000.0,0.7402300174557968,10000,0.05822174579076955,6.628910753647688e-09,1.5235420830483903e-06,8.408649843749672e-06,4.875473251186868e-05,0.00019385988602060866,0.0013786202804784153,0.0042346674486730684,0.01918174712500942,0.05822174579076955
SLEEP_POD_SUEDE,sleep_pod,30000,11397.420433333333,899.931472873988,9596.5,12736.5,0.06001866728890963,11.421462451884297,4817,9.949466666666666,10.0,29.547,29.546266666666668,0.48262481089352416,False,0.0,0.01,False,1.4937822483885148,5904.837186612179,0.9937024947533529,-1.0907417253291867,0.9898913893797648,-0.9358598912439924,0.9856072653636374,-0.8427382009054757,0.9806298058100316,-0.7621957240563532,0.9615273422800985,-1.0446602618788212,0.04954608768865309,-0.021548644867347033,3.0543189381955975,7.295502602440099e-08,True,-0.006330490863265594,0.0054430869073605745,0.0023068420518469537,0.015279788886135274,0.003704685136276324,30000.0,0.7582283690448942,10000,0.057750936354425964,5.987565521170524e-08,1.4728140982356308e-06,1.6890695970106506e-05,3.769065618663969e-05,0.00020892901184033086,0.001278938051142764,0.00832019761731162,0.028007002711519124,0.057750936354425964
SNACKPACK_CHOCOLATE,snackpack,30000,9843.37165,200.7299799513702,9268.0,10315.5,-0.011267042234741158,6.575374329743012,1900,16.471166666666665,17.0,79.99126666666666,79.99053333333333,0.06774925265148914,False,0.0,0.01,False,1.4186312446532074,1299.976067665565,0.9689230298535221,-5.382599411667091,0.9530924622595558,-4.342721746588984,0.9405482850366402,-3.4810779587630236,0.9418116410093775,-2.289647588328115,0.9390492664433103,-1.6550145753538734,0.055573734568260494,0.010319022794704756,3.0647942633093987,0.997321550133247,False,-0.031079991480996313,-0.003443282555227317,-0.0045324841855204235,-0.003636413435096042,-0.0028165541064813205,30000.0,0.2752421429172923,10000,0.2551611642413997,3.113067714721751e-07,4.955437706510857e-06,9.929230079142037e-06,5.322614242486701e-05,0.00046817471692361945,0.0019052233262942808,0.007701985588329241,0.03538385041327652,0.2551611642413997
SNACKPACK_PISTACHIO,snackpack,30000,9495.843916666667,187.49191034902384,9012.5,10106.5,-0.02956765225507517,5.237778497976802,1928,15.925633333333334,16.0,79.99126666666666,79.99053333333333,0.07807547661156136,False,0.0,0.01,False,1.4362012732051515,1570.4278026729173,0.9748693383121896,-4.352685740535216,0.971847709548035,-2.606352195217144,0.9715268658788921,-1.6671882327865242,0.9593336522592302,-1.600175819458525,0.9324591741872732,-1.833957437895863,0.5616091351797534,-0.000803578666580561,2.96965916162916,0.07819491893205291,False,-0.025157931132221367,0.00670976008977913,0.0014462275435362564,0.015454078806125147,0.00640996512289392,30000.0,0.3644538191844694,10000,0.2714395101356112,3.4293467765511565e-07,1.2739038383613455e-05,2.6675809943865758e-05,5.7968216761850044e-05,0.0017636476263196421,0.003255248526783827,0.007639829805642373,0.0983280964154799,0.2714395101356112
SNACKPACK_RASPBERRY,snackpack,30000,10077.812066666667,169.81101750003018,9682.5,10647.0,0.010017000566685556,8.09161544260848,1634,16.842466666666667,17.0,79.99126666666666,79.99053333333333,0.0013635310535009923,True,0.0,0.011127428376012723,False,1.422319118635304,624.0218050371011,0.9831388253838945,-2.920392436614394,0.9837747286566685,-1.5021431970461294,0.9811061126150723,-1.1062943259342044,0.956554337519203,-1.70953878143402,0.922055015064915,-2.116464866223833,0.9408673033966332,-0.000309042239579527,2.9901437183483806,0.07225988164746809,False,-0.016882785038296915,0.0021294819019955853,0.0021354062811622353,0.010459202873286758,0.002139280107113705,15000.0,0.21075254406860877,10000,0.2314768082575006,3.82098229056993e-07,2.5174469522437626e-05,3.062052923807901e-05,0.00012889483762956733,0.0013589208314731538,0.002982261562571864,0.017088913740635925,0.07807508784815087,0.2314768082575006
SNACKPACK_STRAWBERRY,snackpack,30000,10706.6085,363.56705096091514,9554.0,11391.5,0.03005100170005667,8.132793290845564,3089,17.826466666666665,18.0,79.99126666666666,79.99053333333333,0.14899353335368531,False,0.0,0.01,False,1.4531499998337891,2247.5081950475155,0.9858828832402491,-2.4451155954816524,0.9883268593985387,-1.0807048074332952,0.986401736341673,-0.7962195191109935,0.9594853442069597,-1.5942069090387658,0.9305723365767545,-1.8851913372193194,0.35288733936190014,-0.009703164450184822,2.9640831483464116,0.03778337953755063,True,-0.014137574717015261,0.003772607106953194,0.001876730757269362,0.01315839723357123,0.0053351526996387845,30000.0,0.33060228503444233,10000,0.09799570838437488,1.3598445347540178e-07,2.5851050934333486e-06,1.0594360256965807e-05,8.874913802148221e-05,8.311975779229375e-05,0.000783452274541907,0.006527652400677875,0.05407470319301011,0.09799570838437488
SNACKPACK_VANILLA,snackpack,30000,10097.302466666666,178.51165124602434,9675.5,10563.0,0.010833694456481883,6.512833218719885,1673,16.868666666666666,17.0,79.99126666666666,79.99053333333333,0.037649925641587256,True,0.0,0.01,False,1.4357027791670598,1076.9870424160233,0.9730653141139436,-4.665146689667112,0.9550074187631163,-4.165434179336991,0.9445307902580042,-3.247890217159725,0.9533795982643181,-1.834461260854508,0.9583823013303441,-1.1300585550279458,0.1415693869627979,-0.0021635468287860447,3.0557613220122075,0.8874318040462988,False,-0.026951364374854944,-0.0024996342904865486,-0.010214600943622297,-0.00031990816533812697,0.0034743853213763114,10000.0,0.1950285116340374,10000,0.3935985683282902,2.600397195351434e-07,5.924195239148666e-06,1.4128530069323908e-05,8.665380299299752e-05,0.0005672515863915928,0.002484101470618727,0.01150159662541228,0.06477199351079599,0.3935985683282902
TRANSLATOR_ASTRO_BLACK,translator,30000,9385.219166666666,489.737834593815,8413.0,10520.5,-0.034551151705056835,9.448838938001032,3560,8.3664,8.0,29.547,29.546266666666668,0.38258773341982816,False,0.0,0.01,False,1.4732948437841114,3464.9126326915066,0.9937525000851394,-1.082080692153001,0.9989657089963461,-0.09575514406070672,1.011629091464192,0.6809185235680313,1.0153636638279115,0.6045431842669887,1.0251980825738418,0.6842115180105409,0.020545180297176686,-0.009182665590659446,3.07667547238802,0.00189586145374722,True,-0.006243261637134341,0.0014356996672176487,0.002664779723393563,0.010415364333996651,0.0027412825057816143,30000.0,0.4702689840202424,10000,0.15465271128730695,8.149226449205571e-08,1.1102242046812094e-06,6.775469466258066e-06,5.120659170720909e-05,0.0001224439689767598,0.0014032531915025848,0.009680435385990949,0.07315228906925308,0.15465271128730695
TRANSLATOR_ECLIPSE_CHARCOAL,translator,30000,9813.741883333334,355.63088615040135,8931.0,10658.5,-0.009183639454648488,9.856930521189359,3146,8.700433333333333,9.0,29.547,29.546266666666668,0.13550533906786832,False,0.0,0.01,False,1.4498576295967232,1787.8697182497403,0.9925774739181821,-1.2855978022556611,0.9886550328965287,-1.0503223517550382,0.970584758536288,-1.7223514708386016,0.952113793554073,-1.884269276622302,0.9511872729590003,-1.3254274395317427,0.11413028986807285,-0.020447283722512862,3.042431279219105,0.39737954675071124,False,-0.0074145972667073136,-0.005940225121420233,-0.004442361377028487,0.001231248816928637,-0.0006722913967587837,15000.0,0.34029300465650303,10000,0.16013923292538668,9.414058099732614e-08,3.5099132856819537e-06,5.141937094621518e-05,0.0003049277304421061,0.0007893841297368365,0.0038493428237936778,0.012212694694501813,0.04091583432957269,0.16013923292538668
TRANSLATOR_GRAPHITE_MIST,translator,30000,10084.639683333333,499.53253685844436,9168.0,11539.0,-0.006916897229907663,10.129511211868708,3937,8.9121,9.0,29.547,29.546266666666668,0.4251982729871807,False,0.0,0.01,False,1.480004513409449,3458.961292878233,0.9963406718630736,-0.6338036618138289,0.9858292731465197,-1.3119325088454037,0.9816065251504864,-1.0769936565020046,0.9753996719390439,-0.9679957090029998,0.9702099260327511,-0.8088993149001337,0.16139825472733463,0.02373755858390244,2.9742236723866404,0.10064503177040296,False,-0.0036754085853739917,0.002506917988644738,0.010033807828807638,0.006100234283667718,0.003534027523515741,30000.0,0.4915361819731479,10000,0.1212792553057227,1.0341662681767616e-07,2.121304326641038e-06,6.116117490906348e-06,1.3810338156949875e-05,0.00046349160621383945,0.0008163208080655959,0.006803407044505105,0.03912022590903019,0.1212792553057227
TRANSLATOR_SPACE_GRAY,translator,30000,9431.901883333334,502.6979940429307,8118.0,10279.5,-0.052368412280409345,9.423479596539723,3722,8.402166666666666,9.0,29.547,29.546266666666668,0.6537743328948427,False,0.0,0.01,False,1.5024562835019613,5304.554055969188,1.0077200937093747,1.3371371682063518,1.0194880123741288,1.8042092851519356,1.0185775183299643,1.0877699596523176,1.0154832371701363,0.6092482630731713,1.0260230757932987,0.7066128202278351,0.27392031474363543,0.022349801137642032,3.008595550024294,0.002691108049718864,True,0.007716389131353518,-0.0029295056144641274,-6.0834106144523544e-05,0.00821116212474109,0.010489792565842398,15000.0,0.34574690662114543,10000,0.10324859414543275,6.000613583800884e-08,7.1714248799370495e-06,1.278962882900192e-05,3.177329448666999e-05,0.00021328743214776846,0.00152026788474946,0.006327519036967488,0.03840226980381867,0.10324859414543275
TRANSLATOR_VOID_BLUE,translator,30000,10858.579333333333,579.2445020221503,9467.0,11880.5,0.05213507116903897,10.833698706315019,4135,9.524666666666667,10.0,29.547,29.546266666666668,0.42311597834921344,False,0.0,0.01,False,1.4403915467416157,3710.1608220228823,0.9916116285922061,-1.4528843317614653,0.9843468220045795,-1.4491785277684714,0.9822662634653824,-1.038363980168005,0.9573058408893027,-1.6799679547460489,0.9269979902417708,-1.9822466954827078,0.17053347007850883,-0.015910087586802353,3.0426343606267836,0.0005332559991252622,True,-0.008393228474959963,0.0027715589114994973,-0.0016108126151349893,0.0163148349401305,0.011670476694342737,30000.0,0.3267618437609389,10000,0.09315796688747513,2.7870801944107626e-07,3.3278009309301027e-06,9.63120778907367e-06,9.173200776491086e-05,0.0001979854312061935,0.0015371167336027947,0.016779832103705483,0.019372151689147854,0.09315796688747513
UV_VISOR_AMBER,uv_visor,30000,7911.69625,996.9009688835383,6488.5,10035.5,-0.0956698556618554,8.00468196838089,5517,10.3205,10.0,49.56796666666666,49.567233333333334,0.26422148393885186,False,0.0,0.01,False,1.5191890936366257,7286.0828534241655,0.9957901169939504,-0.7291609730531659,0.9966736578202683,-0.3079543121714986,1.0091910670417912,0.5381648101557881,1.013897115425519,0.5468361261723317,1.0128227219558272,0.3481794310624009,3.640445295312524e-08,-0.010081571319413792,3.1643170131508547,2.052972369577375e-34,True,-0.004188519337722629,0.005667465166786058,0.002378008059543005,0.019750830827082122,0.026499799913403097,30000.0,0.8492799971697241,10000,0.05281873069228915,7.770240939564133e-08,2.2524690117542434e-06,9.351661554468649e-06,6.381569386060271e-05,0.0001080697213112769,0.0009431623330370398,0.003940407299175663,0.014162345012447508,0.05281873069228915
UV_VISOR_MAGENTA,uv_visor,30000,11111.7929,613.543899442349,9726.5,12380.0,0.05105170172339078,11.203151453826594,4256,14.0916,14.0,49.56796666666666,49.567233333333334,0.2750619034662403,False,0.0,0.01,False,1.4472768652377188,3244.1681086932335,0.9969719362101379,-0.5244672919200047,1.0003668546645776,0.033963576142375655,0.9983206947938612,-0.09832840554269161,0.9796823105422507,-0.7994786152129206,0.9478406450474565,-1.416299487310128,0.012855229333656555,0.0035326226980690978,3.0831668316471914,0.05306621682426831,False,-0.0030194599218634948,0.0007871727137792425,-0.0015026777081889877,0.011179804239859197,0.0021909473570797026,30000.0,0.6095633096013622,10000,0.0853810869078695,1.8293492343168793e-07,5.841902499081897e-06,1.944835374412257e-05,4.387132954974948e-05,0.00010050155077101497,0.0013285807083569523,0.004666831095188284,0.019028673179325994,0.0853810869078695
UV_VISOR_ORANGE,uv_visor,30000,10426.506216666667,550.5942716311347,9322.5,11606.5,-0.021984066135537852,10.460394625067284,4130,13.2841,13.0,49.56796666666666,49.567233333333334,0.6869154221319532,False,0.0,0.01,False,1.4989149069416297,5516.7026867522445,1.0016022980509511,0.2775215378369939,1.0124239131512511,1.150211680651738,1.0021842317517429,0.1278933839420528,1.0122225763148764,0.4809448636800922,1.04323703970526,1.174029035119061,0.09127668504995277,-0.02823561290288058,3.025323983836804,0.07950025143500314,False,0.0016203283902003055,-0.0058791364836586904,0.0034175778682515754,-0.0023068719907756155,0.009913513837540579,30000.0,0.3512094540696292,10000,0.19731657775565803,2.6399376906738325e-08,3.2466536202813145e-06,2.101963398837281e-05,3.484520056351581e-05,0.00025171397237488957,0.0005181735675930943,0.004535524792485313,0.016409874910219724,0.19731657775565803
UV_VISOR_RED,uv_visor,30000,11063.293583333334,587.7055799325258,9916.5,12471.0,0.05741858061935398,11.030039299207454,4392,14.039433333333333,14.0,49.56796666666666,49.567233333333334,0.31561031792935623,False,0.0,0.01,False,1.4954110089940347,3304.9384713918657,0.9968170643930063,-0.5512914304330947,0.9905766855296179,-0.872414853704654,0.9736081646923781,-1.5453218841085963,0.9654208215152068,-1.3606524397231026,0.9634505214288159,-0.9924395692569086,0.9030002007166104,-0.006039655616518528,3.0041650554990977,3.903870744261622e-05,True,-0.003055722981370779,-0.010756424595093647,0.00019218475790504046,0.012278341260784472,0.0028087812317757316,30000.0,0.5001105052904821,10000,0.07392014124840651,9.236136866430655e-08,6.111201790726106e-06,1.380254597882491e-05,3.56392369486036e-05,0.0002078847385382776,0.00039202585159936465,0.010078761757018051,0.026835384240334048,0.07392014124840651
UV_VISOR_YELLOW,uv_visor,30000,10957.46075,681.79668588549,9733.5,12294.0,0.0023667455581852727,11.006009667767685,4252,13.909966666666667,14.0,49.56796666666666,49.567233333333334,0.5588859520490317,False,0.0,0.01,False,1.503356553928514,5134.454944322303,1.0027474280968178,0.4758605741752239,1.0060520128613735,0.5602981765777479,1.0042618714266252,0.24954547897314894,0.9917572200659384,-0.32434427649326153,0.9775924713450485,-0.6084387234997294,0.0995644937892743,-0.002026832017419932,3.060620213748571,0.6872729194566272,False,0.0027309574267784186,0.0028083858525038566,-0.002265929673314302,5.069615570157804e-05,0.009689347050572113,30000.0,0.5341197763939883,10000,0.0481780412061763,2.626165851449258e-08,5.806368881366986e-06,9.331876253959592e-06,1.8194767105739196e-05,0.00015511740800933094,0.0006566281478788127,0.0013128140317086867,0.00816477352468803,0.0481780412061763
